Workbook

Sheet Leaf Green Seeds
A1: Seeds for the English Leaf Green version farmed by po and 10Ben. | J1: Instead of pressing the A button on the title screen, press Start instead | P1: Instead of pressing the A button on the title screen, press L instead
A2: # | B2: Intro Time ms (GBA) | C2: Intro Time ms (NDS) | D2: MONO/LR | E2: MONO/L=A | F2: MONO/HELP | G2: STEREO/LR | H2: STEREO/L=A | I2: STEREO/HELP | J2: MONO/LR, Start | K2: MONO/L=A, Start | L2: MONO/HELP, Start | M2: STEREO/LR, Start | N2: STEREO/L=A, Start | O2: STEREO/HELP, Start | P2: MONO/L=A, L | Q2: STEREO/L=A, L
A3: 1 | B3: 33752 | C3: 34748 | D3: A088 | E3: A075 | F3: A080 | G3: A0B3 | H3: A0B7 | I3: A0AB | J3: A07E | K3: A077 | L3: A06D | M3: A0B7 | N3: A0AD | O3: A0AC | P3: A07E | Q3: A0B3
A4: 2 | B4: 33768 | C4: 34764 | D4: ECCF | E4: ECC4 | F4: ECC6 | G4: ECC5 | H4: ECBC | I4: ECBD | J4: ECBD | K4: ECB4 | L4: ECB5 | M4: ECC6 | N4: ECBF | O4: ECB5 | P4: ECBC | Q4: ECC2
A5: 3 | B5: 33784 | C5: 34780 | D5: 36B5 | E5: 36A7 | F5: 36A8 | G5: 36CE | H5: 36CF | I5: 36D0 | J5: 36AD | K5: 36A4 | L5: 36A0 | M5: 36C6 | N5: 36C7 | O5: 36BE | P5: 36A9 | Q5: 36C2
A6: 4 | B6: 33808 | C6: 34804 | D6: 7F43 | E6: 7F42 | F6: 7F44 | G6: 7F43 | H6: 7F42 | I6: 7F44 | J6: 7F44 | K6: 7F3A | L6: 7F3C | M6: 7F44 | N6: 7F3A | O6: 7F33 | P6: 7F37 | Q6: 7F40
A7: 5 | B7: 33824 | C7: 34820 | D7: C938 | E7: C92C | F7: C92F | G7: C95B | H7: C944 | I7: C951 | J7: C930 | K7: C924 | L7: C920 | M7: C94F | N7: C93C | O7: C93D | P7: C929 | Q7: C94B
A8: 6 | B8: 33840 | C8: 34836 | D8: 11B7 | E8: 11B5 | F8: 11AF | G8: 11B7 | H8: 11AC | I8: 11AF | J8: 11BA | K8: 11A4 | L8: 11B2 | M8: 11AE | N8: 11AD | O8: 11A6 | P8: 11A9 | Q8: 11B7
A9: 7 | B9: 33856 | C9: 34852 | D9: 3FCC | E9: 3FC2 | F9: 3FC4 | G9: 3FEA | H9: 3FE1 | I9: 3FE2 | J9: 3FB8 | K9: 3FAF | L9: 3FBB | M9: 3FD7 | N9: 3FD9 | O9: 3FD9 | P9: 3FBF | Q9: 3FDD
A10: 8 | B10: 33872 | C10: 34868 | D10: 96DE | E10: 96D5 | F10: 96DE | G10: 9704 | H10: 96FE | I10: 96FC | J10: 96DE | K10: 96D7 | L10: 96D9 | M10: 96F4 | N10: 96F3 | O10: 96F7 | P10: 96DC | Q10: 96F8
A11: 9 | B11: 33888 | C11: 34884 | D11: D4C9 | E11: D4C0 | F11: D4CA | G11: D4C9 | H11: D4C0 | I11: D4C1 | J11: D4C1 | K11: D4C0 | L11: D4B9 | M11: D4C9 | N11: D4B8 | O11: D4B9 | P11: D4BD | Q11: D4BD
A12: 10 | B12: 33904 | C12: 34900 | D12: 1E96 | E12: 1E8D | F12: 1E98 | G12: 1EB5 | H12: 1EAC | I12: 1EB6 | J12: 1E8E | K12: 1E85 | L12: 1E90 | M12: 1EB6 | N12: 1EA4 | O12: 1EAE | P12: 1E94 | Q12: 1EA9
A13: 11 | B13: 33920 | C13: 34916 | D13: 9243 | E13: 9232 | F13: 923D | G13: 9243 | H13: 923A | I13: 923B | J13: 9233 | K13: 9232 | L13: 922B | M13: 923B | N13: 922A | O13: 922B | P13: 922F | Q13: 922F
A14: 12 | B14: 33936 | C14: 34932 | D14: CF14 | E14: CF04 | F14: CF05 | G14: CF30 | H14: CF1B | I14: CF1C | J14: CF0E | K14: CEFC | L14: CF07 | M14: CF27 | N14: CF1B | O14: CF1C | P14: CF01 | Q14: CF18
... A2433: 2431 | B2433: 74520 | C2433: 75516 | D2433: E678 | E2433: E66F | F2433: E679 | G2433: E6B8 | H2433: E6AE | I2433: E6A5 | J2433: 0E96 | K2433: 7E20 | L2433: BC9B | M2433: 3222 | N2433: 0EAA | O2433: E6A7 | P2433: E66C | Q2433: E6AB
A2434: 2432 | B2434: 74536 | C2434: 75532 | D2434: 3234 | E2434: 3221 | F2434: 322D | G2434: 322A | H2434: 3221 | I2434: 322C | J2434: 5715 | K2434: BC90 | M2434: 7C35 | N2434: 5714 | O2434: 3224 | P2434: 322A | Q2434: 321E
A2435: 2433 | B2435: 74552 | C2435: 75548 | D2435: 7C21 | E2435: 7C0C | F2435: 7C16 | G2435: 7C3F | H2435: 7C34 | I2435: 7C33 | J2435: 7E1F | M2435: C492 | N2435: 7E3D | O2435: 7C2F | P2435: 7C15 | Q2435: 7C2F
A2436: 2434 | B2436: 74568 | C2436: 75564 | D2436: C492 | E2436: C493 | F2436: C48A | G2436: C492 | H2436: C491 | I2436: C494 | J2436: BC99 | M2436: 0EB3 | N2436: BCAF | O2436: C48A | P2436: C486 | Q2436: C48E
A2437: 2435 | B2437: 74584 | C2437: 75580 | D2437: 0EA1 | E2437: 0E8C | F2437: 0E8D | G2437: 0EBB | H2437: 0EB2 | I2437: 0EB3 | M2437: 5720 | O2437: 0EAB | P2437: 0E92 | Q2437: 0EAF
A2438: 2436 | B2438: 74600 | C2438: 75596 | D2438: 5727 | E2438: 5714 | F2438: 5715 | G2438: 5725 | H2438: 5714 | I2438: 5715 | M2438: 7E3E | O2438: 570D | P2438: 5711 | Q2438: 5711
A2439: 2437 | B2439: 74616 | C2439: 75612 | D2439: 7E27 | E2439: 7E29 | F2439: 7E29 | G2439: 7E46 | H2439: 7E45 | I2439: 7E46 | M2439: BCBF | O2439: 7E36 | P2439: 7E1B | Q2439: 7E3A
A2440: 2438 | B2440: 74638 | C2440: 75632 | D2440: BCAA | E2440: BCA2 | F2440: BCA2 | G2440: BCC7 | H2440: BCBE | I2440: BCB8 | O2440: BCBA | P2440: BC95 | Q2440: BCB4

Sheet Held Button
A1: Hold any of the Buttons B, Start, Select, Up, Left, Right, Down before you boot up the game. You can let go of it as soon you can see the leaves on the title screen. | J1: Instead of pressing the A button on the title screen, press Start instead | P1: Instead of pressing the A button on the title screen, press L instead
A2: # | B2: Intro Time ms (GBA) | C2: Intro Time ms (NDS) | D2: MONO/LR | E2: MONO/L=A | F2: MONO/HELP | G2: STEREO/LR | H2: STEREO/L=A | I2: STEREO/HELP | J2: MONO/LR, Start | K2: MONO/L=A, Start | L2: MONO/HELP, Start | M2: STEREO/LR, Start | N2: STEREO/L=A, Start | O2: STEREO/HELP, Start | P2: MONO/L=A, L | Q2: STEREO/L=A, L
A3: 1 | B3: 33752 | C3: 34748 | D3: A087 | E3: A074 | F3: A087 | G3: A0B2 | H3: A0B6 | I3: A0B2 | J3: =IFERROR(DEC2HEX(MOD((HEX2DEC('Leaf Green Seeds'!J3) - 1 ),65536),4),"") -> A07D | K3: =IFERROR(DEC2HEX(MOD((HEX2DEC('Leaf Green Seeds'!K3) - 1 ),65536),4),"") -> A076 | L3: =IFERROR(DEC2HEX(MOD((HEX2DEC('Leaf Green Seeds'!L3) + 7 ),65536),4),"") -> A074 | M3: =IFERROR(DEC2HEX(MOD((HEX2DEC('Leaf Green Seeds'!M3) - 1 ),65536),4),"") -> A0B6 | N3: =IFERROR(DEC2HEX(MOD((HEX2DEC('Leaf Green Seeds'!N3) - 1 ),65536),4),"") -> A0AC | O3: =IFERROR(DEC2HEX(MOD((HEX2DEC('Leaf Green Seeds'!O3) + 7 ),65536),4),"") -> A0B3 | P3: =IFERROR(DEC2HEX(MOD((HEX2DEC('Leaf Green Seeds'!P3) - 1 ),65536),4),"") -> A07D | Q3: =IFERROR(DEC2HEX(MOD((HEX2DEC('Leaf Green Seeds'!Q3) - 1 ),65536),4),"") -> A0B2
A4: 2 | B4: 33768 | C4: 34764 | D4: ECCE | E4: ECC3 | F4: ECCD | G4: ECC4 | H4: ECBB | I4: ECC4 | J4: =IFERROR(DEC2HEX(MOD((HEX2DEC('Leaf Green Seeds'!J4) - 1 ),65536),4),"") -> ECBC | K4: =IFERROR(DEC2HEX(MOD((HEX2DEC('Leaf Green Seeds'!K4) - 1 ),65536),4),"") -> ECB3 | L4: =IFERROR(DEC2HEX(MOD((HEX2DEC('Leaf Green Seeds'!L4) + 7 ),65536),4),"") -> ECBC | M4: =IFERROR(DEC2HEX(MOD((HEX2DEC('Leaf Green Seeds'!M4) - 1 ),65536),4),"") -> ECC5 | N4: =IFERROR(DEC2HEX(MOD((HEX2DEC('Leaf Green Seeds'!N4) - 1 ),65536),4),"") -> ECBE | O4: =IFERROR(DEC2HEX(MOD((HEX2DEC('Leaf Green Seeds'!O4) + 7 ),65536),4),"") -> ECBC | P4: =IFERROR(DEC2HEX(MOD((HEX2DEC('Leaf Green Seeds'!P4) - 1 ),65536),4),"") -> ECBB | Q4: =IFERROR(DEC2HEX(MOD((HEX2DEC('Leaf Green Seeds'!Q4) - 1 ),65536),4),"") -> ECC1
A5: 3 | B5: 33784 | C5: 34780 | D5: 36B4 | E5: 36A6 | F5: 36AF | G5: 36CD | H5: 36CE | I5: 36D7 | J5: =IFERROR(DEC2HEX(MOD((HEX2DEC('Leaf Green Seeds'!J5) - 1 ),65536),4),"") -> 36AC | K5: =IFERROR(DEC2HEX(MOD((HEX2DEC('Leaf Green Seeds'!K5) - 1 ),65536),4),"") -> 36A3 | L5: =IFERROR(DEC2HEX(MOD((HEX2DEC('Leaf Green Seeds'!L5) + 7 ),65536),4),"") -> 36A7 | M5: =IFERROR(DEC2HEX(MOD((HEX2DEC('Leaf Green Seeds'!M5) - 1 ),65536),4),"") -> 36C5 | N5: =IFERROR(DEC2HEX(MOD((HEX2DEC('Leaf Green Seeds'!N5) - 1 ),65536),4),"") -> 36C6 | O5: =IFERROR(DEC2HEX(MOD((HEX2DEC('Leaf Green Seeds'!O5) + 7 ),65536),4),"") -> 36C5 | P5: =IFERROR(DEC2HEX(MOD((HEX2DEC('Leaf Green Seeds'!P5) - 1 ),65536),4),"") -> 36A8 | Q5: =IFERROR(DEC2HEX(MOD((HEX2DEC('Leaf Green Seeds'!Q5) - 1 ),65536),4),"") -> 36C1
A6: 4 | B6: 33808 | C6: 34804 | D6: 7F42 | E6: 7F41 | F6: 7F4B | G6: 7F42 | H6: 7F41 | I6: 7F4B | J6: =IFERROR(DEC2HEX(MOD((HEX2DEC('Leaf Green Seeds'!J6) - 1 ),65536),4),"") -> 7F43 | K6: =IFERROR(DEC2HEX(MOD((HEX2DEC('Leaf Green Seeds'!K6) - 1 ),65536),4),"") -> 7F39 | L6: =IFERROR(DEC2HEX(MOD((HEX2DEC('Leaf Green Seeds'!L6) + 7 ),65536),4),"") -> 7F43 | M6: =IFERROR(DEC2HEX(MOD((HEX2DEC('Leaf Green Seeds'!M6) - 1 ),65536),4),"") -> 7F43 | N6: =IFERROR(DEC2HEX(MOD((HEX2DEC('Leaf Green Seeds'!N6) - 1 ),65536),4),"") -> 7F39 | O6: =IFERROR(DEC2HEX(MOD((HEX2DEC('Leaf Green Seeds'!O6) + 7 ),65536),4),"") -> 7F3A | P6: =IFERROR(DEC2HEX(MOD((HEX2DEC('Leaf Green Seeds'!P6) - 1 ),65536),4),"") -> 7F36 | Q6: =IFERROR(DEC2HEX(MOD((HEX2DEC('Leaf Green Seeds'!Q6) - 1 ),65536),4),"") -> 7F3F
A7: 5 | B7: 33824 | C7: 34820 | D7: C937 | E7: C92B | F7: C936 | G7: C95A | H7: C943 | I7: C958 | J7: =IFERROR(DEC2HEX(MOD((HEX2DEC('Leaf Green Seeds'!J7) - 1 ),65536),4),"") -> C92F | K7: =IFERROR(DEC2HEX(MOD((HEX2DEC('Leaf Green Seeds'!K7) - 1 ),65536),4),"") -> C923 | L7: =IFERROR(DEC2HEX(MOD((HEX2DEC('Leaf Green Seeds'!L7) + 7 ),65536),4),"") -> C927 | M7: =IFERROR(DEC2HEX(MOD((HEX2DEC('Leaf Green Seeds'!M7) - 1 ),65536),4),"") -> C94E | N7: =IFERROR(DEC2HEX(MOD((HEX2DEC('Leaf Green Seeds'!N7) - 1 ),65536),4),"") -> C93B | O7: =IFERROR(DEC2HEX(MOD((HEX2DEC('Leaf Green Seeds'!O7) + 7 ),65536),4),"") -> C944 | P7: =IFERROR(DEC2HEX(MOD((HEX2DEC('Leaf Green Seeds'!P7) - 1 ),65536),4),"") -> C928 | Q7: =IFERROR(DEC2HEX(MOD((HEX2DEC('Leaf Green Seeds'!Q7) - 1 ),65536),4),"") -> C94A
A8: 6 | B8: 33840 | C8: 34836 | D8: 11B6 | E8: 11B4 | F8: 11B6 | G8: 11B6 | H8: 11AB | I8: 11B6 | J8: =IFERROR(DEC2HEX(MOD((HEX2DEC('Leaf Green Seeds'!J8) - 1 ),65536),4),"") -> 11B9 | K8: =IFERROR(DEC2HEX(MOD((HEX2DEC('Leaf Green Seeds'!K8) - 1 ),65536),4),"") -> 11A3 | L8: =IFERROR(DEC2HEX(MOD((HEX2DEC('Leaf Green Seeds'!L8) + 7 ),65536),4),"") -> 11B9 | M8: =IFERROR(DEC2HEX(MOD((HEX2DEC('Leaf Green Seeds'!M8) - 1 ),65536),4),"") -> 11AD | N8: =IFERROR(DEC2HEX(MOD((HEX2DEC('Leaf Green Seeds'!N8) - 1 ),65536),4),"") -> 11AC | O8: =IFERROR(DEC2HEX(MOD((HEX2DEC('Leaf Green Seeds'!O8) + 7 ),65536),4),"") -> 11AD | P8: =IFERROR(DEC2HEX(MOD((HEX2DEC('Leaf Green Seeds'!P8) - 1 ),65536),4),"") -> 11A8 | Q8: =IFERROR(DEC2HEX(MOD((HEX2DEC('Leaf Green Seeds'!Q8) - 1 ),65536),4),"") -> 11B6
A9: 7 | B9: 33856 | C9: 34852 | D9: 3FCB | E9: 3FC1 | F9: 3FCB | G9: 3FE9 | H9: 3FE0 | I9: 3FE9 | J9: =IFERROR(DEC2HEX(MOD((HEX2DEC('Leaf Green Seeds'!J9) - 1 ),65536),4),"") -> 3FB7 | K9: =IFERROR(DEC2HEX(MOD((HEX2DEC('Leaf Green Seeds'!K9) - 1 ),65536),4),"") -> 3FAE | L9: =IFERROR(DEC2HEX(MOD((HEX2DEC('Leaf Green Seeds'!L9) + 7 ),65536),4),"") -> 3FC2 | M9: =IFERROR(DEC2HEX(MOD((HEX2DEC('Leaf Green Seeds'!M9) - 1 ),65536),4),"") -> 3FD6 | N9: =IFERROR(DEC2HEX(MOD((HEX2DEC('Leaf Green Seeds'!N9) - 1 ),65536),4),"") -> 3FD8 | O9: =IFERROR(DEC2HEX(MOD((HEX2DEC('Leaf Green Seeds'!O9) + 7 ),65536),4),"") -> 3FE0 | P9: =IFERROR(DEC2HEX(MOD((HEX2DEC('Leaf Green Seeds'!P9) - 1 ),65536),4),"") -> 3FBE | Q9: =IFERROR(DEC2HEX(MOD((HEX2DEC('Leaf Green Seeds'!Q9) - 1 ),65536),4),"") -> 3FDC
A10: 8 | B10: 33872 | C10: 34868 | D10: 96DD | E10: 96D4 | F10: 96E5 | G10: 9703 | H10: 96FD | I10: 9703 | J10: =IFERROR(DEC2HEX(MOD((HEX2DEC('Leaf Green Seeds'!J10) - 1 ),65536),4),"") -> 96DD | K10: =IFERROR(DEC2HEX(MOD((HEX2DEC('Leaf Green Seeds'!K10) - 1 ),65536),4),"") -> 96D6 | L10: =IFERROR(DEC2HEX(MOD((HEX2DEC('Leaf Green Seeds'!L10) + 7 ),65536),4),"") -> 96E0 | M10: =IFERROR(DEC2HEX(MOD((HEX2DEC('Leaf Green Seeds'!M10) - 1 ),65536),4),"") -> 96F3 | N10: =IFERROR(DEC2HEX(MOD((HEX2DEC('Leaf Green Seeds'!N10) - 1 ),65536),4),"") -> 96F2 | O10: =IFERROR(DEC2HEX(MOD((HEX2DEC('Leaf Green Seeds'!O10) + 7 ),65536),4),"") -> 96FE | P10: =IFERROR(DEC2HEX(MOD((HEX2DEC('Leaf Green Seeds'!P10) - 1 ),65536),4),"") -> 96DB | Q10: =IFERROR(DEC2HEX(MOD((HEX2DEC('Leaf Green Seeds'!Q10) - 1 ),65536),4),"") -> 96F7
A11: 9 | B11: 33888 | C11: 34884 | D11: D4C8 | E11: D4BF | F11: D4D1 | G11: D4C8 | H11: D4BF | I11: D4C8 | J11: =IFERROR(DEC2HEX(MOD((HEX2DEC('Leaf Green Seeds'!J11) - 1 ),65536),4),"") -> D4C0 | K11: =IFERROR(DEC2HEX(MOD((HEX2DEC('Leaf Green Seeds'!K11) - 1 ),65536),4),"") -> D4BF | L11: =IFERROR(DEC2HEX(MOD((HEX2DEC('Leaf Green Seeds'!L11) + 7 ),65536),4),"") -> D4C0 | M11: =IFERROR(DEC2HEX(MOD((HEX2DEC('Leaf Green Seeds'!M11) - 1 ),65536),4),"") -> D4C8 | N11: =IFERROR(DEC2HEX(MOD((HEX2DEC('Leaf Green Seeds'!N11) - 1 ),65536),4),"") -> D4B7 | O11: =IFERROR(DEC2HEX(MOD((HEX2DEC('Leaf Green Seeds'!O11) + 7 ),65536),4),"") -> D4C0 | P11: =IFERROR(DEC2HEX(MOD((HEX2DEC('Leaf Green Seeds'!P11) - 1 ),65536),4),"") -> D4BC | Q11: =IFERROR(DEC2HEX(MOD((HEX2DEC('Leaf Green Seeds'!Q11) - 1 ),65536),4),"") -> D4BC
A12: 10 | B12: 33904 | C12: 34900 | D12: 1E95 | E12: 1E8C | F12: 1E9F | G12: 1EB4 | H12: 1EAB | I12: 1EBD | J12: =IFERROR(DEC2HEX(MOD((HEX2DEC('Leaf Green Seeds'!J12) - 1 ),65536),4),"") -> 1E8D | K12: =IFERROR(DEC2HEX(MOD((HEX2DEC('Leaf Green Seeds'!K12) - 1 ),65536),4),"") -> 1E84 | L12: =IFERROR(DEC2HEX(MOD((HEX2DEC('Leaf Green Seeds'!L12) + 7 ),65536),4),"") -> 1E97 | M12: =IFERROR(DEC2HEX(MOD((HEX2DEC('Leaf Green Seeds'!M12) - 1 ),65536),4),"") -> 1EB5 | N12: =IFERROR(DEC2HEX(MOD((HEX2DEC('Leaf Green Seeds'!N12) - 1 ),65536),4),"") -> 1EA3 | O12: =IFERROR(DEC2HEX(MOD((HEX2DEC('Leaf Green Seeds'!O12) + 7 ),65536),4),"") -> 1EB5 | P12: =IFERROR(DEC2HEX(MOD((HEX2DEC('Leaf Green Seeds'!P12) - 1 ),65536),4),"") -> 1E93 | Q12: =IFERROR(DEC2HEX(MOD((HEX2DEC('Leaf Green Seeds'!Q12) - 1 ),65536),4),"") -> 1EA8
A13: 11 | B13: 33920 | C13: 34916 | D13: 9242 | E13: 9231 | F13: 9244 | G13: 9242 | H13: 9239 | I13: 9242 | J13: =IFERROR(DEC2HEX(MOD((HEX2DEC('Leaf Green Seeds'!J13) - 1 ),65536),4),"") -> 9232 | K13: =IFERROR(DEC2HEX(MOD((HEX2DEC('Leaf Green Seeds'!K13) - 1 ),65536),4),"") -> 9231 | L13: =IFERROR(DEC2HEX(MOD((HEX2DEC('Leaf Green Seeds'!L13) + 7 ),65536),4),"") -> 9232 | M13: =IFERROR(DEC2HEX(MOD((HEX2DEC('Leaf Green Seeds'!M13) - 1 ),65536),4),"") -> 923A | N13: =IFERROR(DEC2HEX(MOD((HEX2DEC('Leaf Green Seeds'!N13) - 1 ),65536),4),"") -> 9229 | O13: =IFERROR(DEC2HEX(MOD((HEX2DEC('Leaf Green Seeds'!O13) + 7 ),65536),4),"") -> 9232 | P13: =IFERROR(DEC2HEX(MOD((HEX2DEC('Leaf Green Seeds'!P13) - 1 ),65536),4),"") -> 922E | Q13: =IFERROR(DEC2HEX(MOD((HEX2DEC('Leaf Green Seeds'!Q13) - 1 ),65536),4),"") -> 922E
A14: 12 | B14: 33936 | C14: 34932 | D14: CF13 | E14: CF03 | F14: CF0C | G14: CF2F | H14: CF1A | I14: CF23 | J14: =IFERROR(DEC2HEX(MOD((HEX2DEC('Leaf Green Seeds'!J14) - 1 ),65536),4),"") -> CF0D | K14: =IFERROR(DEC2HEX(MOD((HEX2DEC('Leaf Green Seeds'!K14) - 1 ),65536),4),"") -> CEFB | L14: =IFERROR(DEC2HEX(MOD((HEX2DEC('Leaf Green Seeds'!L14) + 7 ),65536),4),"") -> CF0E | M14: =IFERROR(DEC2HEX(MOD((HEX2DEC('Leaf Green Seeds'!M14) - 1 ),65536),4),"") -> CF26 | N14: =IFERROR(DEC2HEX(MOD((HEX2DEC('Leaf Green Seeds'!N14) - 1 ),65536),4),"") -> CF1A | O14: =IFERROR(DEC2HEX(MOD((HEX2DEC('Leaf Green Seeds'!O14) + 7 ),65536),4),"") -> CF23 | P14: =IFERROR(DEC2HEX(MOD((HEX2DEC('Leaf Green Seeds'!P14) - 1 ),65536),4),"") -> CF00 | Q14: =IFERROR(DEC2HEX(MOD((HEX2DEC('Leaf Green Seeds'!Q14) - 1 ),65536),4),"") -> CF17
... A2440: 2438 | B2440: 74638 | C2440: 75632 | D2440: BCA9 | E2440: BCA1 | F2440: BCA9 | G2440: BCC6 | H2440: BCBD | I2440: BCBF | J2440: =IFERROR(DEC2HEX(MOD((HEX2DEC('Leaf Green Seeds'!J2440) - 1 ),65536),4),"") | K2440: =IFERROR(DEC2HEX(MOD((HEX2DEC('Leaf Green Seeds'!K2440) - 1 ),65536),4),"") | L2440: =IFERROR(DEC2HEX(MOD((HEX2DEC('Leaf Green Seeds'!L2440) + 7 ),65536),4),"") | M2440: =IFERROR(DEC2HEX(MOD((HEX2DEC('Leaf Green Seeds'!M2440) - 1 ),65536),4),"") | N2440: =IFERROR(DEC2HEX(MOD((HEX2DEC('Leaf Green Seeds'!N2440) - 1 ),65536),4),"") | O2440: =IFERROR(DEC2HEX(MOD((HEX2DEC('Leaf Green Seeds'!O2440) + 7 ),65536),4),"") -> BCC1 | P2440: =IFERROR(DEC2HEX(MOD((HEX2DEC('Leaf Green Seeds'!P2440) - 1 ),65536),4),"") -> BC94 | Q2440: =IFERROR(DEC2HEX(MOD((HEX2DEC('Leaf Green Seeds'!Q2440) - 1 ),65536),4),"") -> BCB3

Sheet Held Button (A)
A1: Hold the A Button before you boot up the game. Let go of it as soon you can see the leaves on the Venusaur title screen. | J1: Instead of pressing the A button on the title screen, press Start instead | P1: Instead of pressing the A button on the title screen, press L instead
A2: # | B2: Intro Time ms (GBA) | C2: Intro Time ms (NDS) | D2: MONO/LR | E2: MONO/L=A | F2: MONO/HELP | G2: STEREO/LR | H2: STEREO/L=A | I2: STEREO/HELP | J2: MONO/LR, Start | K2: MONO/L=A, Start | L2: MONO/HELP, Start | M2: STEREO/LR, Start | N2: STEREO/L=A, Start | O2: STEREO/HELP, Start | P2: MONO/L=A, L | Q2: STEREO/L=A, L
A3: 1 | B3: 33752 | C3: 34748 | D3: =IFERROR(DEC2HEX(MOD((HEX2DEC('Leaf Green Seeds'!D3) - 18 ),65536),4),"") -> A076 | E3: =IFERROR(DEC2HEX(MOD((HEX2DEC('Leaf Green Seeds'!E3) - 8 ),65536),4),"") -> A06D | F3: =IFERROR(DEC2HEX(MOD((HEX2DEC('Leaf Green Seeds'!F3) + 3 ),65536),4),"") -> A083 | G3: =IFERROR(DEC2HEX(MOD((HEX2DEC('Leaf Green Seeds'!G3) - 18 ),65536),4),"") -> A0A1 | H3: =IFERROR(DEC2HEX(MOD((HEX2DEC('Leaf Green Seeds'!H3) - 8 ),65536),4),"") -> A0AF | I3: =IFERROR(DEC2HEX(MOD((HEX2DEC('Leaf Green Seeds'!I3) + 3 ),65536),4),"") -> A0AE | J3: =IFERROR(DEC2HEX(MOD((HEX2DEC('Leaf Green Seeds'!J3) - 18 ),65536),4),"") -> A06C | K3: =IFERROR(DEC2HEX(MOD((HEX2DEC('Leaf Green Seeds'!K3) - 8 ),65536),4),"") -> A06F | L3: =IFERROR(DEC2HEX(MOD((HEX2DEC('Leaf Green Seeds'!L3) + 3 ),65536),4),"") -> A070 | M3: =IFERROR(DEC2HEX(MOD((HEX2DEC('Leaf Green Seeds'!M3) - 18 ),65536),4),"") -> A0A5 | N3: =IFERROR(DEC2HEX(MOD((HEX2DEC('Leaf Green Seeds'!N3) - 8 ),65536),4),"") -> A0A5 | O3: =IFERROR(DEC2HEX(MOD((HEX2DEC('Leaf Green Seeds'!O3) + 3 ),65536),4),"") -> A0AF | P3: =IFERROR(DEC2HEX(MOD((HEX2DEC('Leaf Green Seeds'!P3) - 8 ),65536),4),"") -> A076 | Q3: =IFERROR(DEC2HEX(MOD((HEX2DEC('Leaf Green Seeds'!Q3) - 8 ),65536),4),"") -> A0AB
A4: 2 | B4: 33768 | C4: 34764 | D4: =IFERROR(DEC2HEX(MOD((HEX2DEC('Leaf Green Seeds'!D4) - 18 ),65536),4),"") -> ECBD | E4: =IFERROR(DEC2HEX(MOD((HEX2DEC('Leaf Green Seeds'!E4) - 8 ),65536),4),"") -> ECBC | F4: =IFERROR(DEC2HEX(MOD((HEX2DEC('Leaf Green Seeds'!F4) + 3 ),65536),4),"") -> ECC9 | G4: =IFERROR(DEC2HEX(MOD((HEX2DEC('Leaf Green Seeds'!G4) - 18 ),65536),4),"") -> ECB3 | H4: =IFERROR(DEC2HEX(MOD((HEX2DEC('Leaf Green Seeds'!H4) - 8 ),65536),4),"") -> ECB4 | I4: =IFERROR(DEC2HEX(MOD((HEX2DEC('Leaf Green Seeds'!I4) + 3 ),65536),4),"") -> ECC0 | J4: =IFERROR(DEC2HEX(MOD((HEX2DEC('Leaf Green Seeds'!J4) - 18 ),65536),4),"") -> ECAB | K4: =IFERROR(DEC2HEX(MOD((HEX2DEC('Leaf Green Seeds'!K4) - 8 ),65536),4),"") -> ECAC | L4: =IFERROR(DEC2HEX(MOD((HEX2DEC('Leaf Green Seeds'!L4) + 3 ),65536),4),"") -> ECB8 | M4: =IFERROR(DEC2HEX(MOD((HEX2DEC('Leaf Green Seeds'!M4) - 18 ),65536),4),"") -> ECB4 | N4: =IFERROR(DEC2HEX(MOD((HEX2DEC('Leaf Green Seeds'!N4) - 8 ),65536),4),"") -> ECB7 | O4: =IFERROR(DEC2HEX(MOD((HEX2DEC('Leaf Green Seeds'!O4) + 3 ),65536),4),"") -> ECB8 | P4: =IFERROR(DEC2HEX(MOD((HEX2DEC('Leaf Green Seeds'!P4) - 8 ),65536),4),"") -> ECB4 | Q4: =IFERROR(DEC2HEX(MOD((HEX2DEC('Leaf Green Seeds'!Q4) - 8 ),65536),4),"") -> ECBA
A5: 3 | B5: 33784 | C5: 34780 | D5: =IFERROR(DEC2HEX(MOD((HEX2DEC('Leaf Green Seeds'!D5) - 18 ),65536),4),"") -> 36A3 | E5: =IFERROR(DEC2HEX(MOD((HEX2DEC('Leaf Green Seeds'!E5) - 8 ),65536),4),"") -> 369F | F5: =IFERROR(DEC2HEX(MOD((HEX2DEC('Leaf Green Seeds'!F5) + 3 ),65536),4),"") -> 36AB | G5: =IFERROR(DEC2HEX(MOD((HEX2DEC('Leaf Green Seeds'!G5) - 18 ),65536),4),"") -> 36BC | H5: =IFERROR(DEC2HEX(MOD((HEX2DEC('Leaf Green Seeds'!H5) - 8 ),65536),4),"") -> 36C7 | I5: =IFERROR(DEC2HEX(MOD((HEX2DEC('Leaf Green Seeds'!I5) + 3 ),65536),4),"") -> 36D3 | J5: =IFERROR(DEC2HEX(MOD((HEX2DEC('Leaf Green Seeds'!J5) - 18 ),65536),4),"") -> 369B | K5: =IFERROR(DEC2HEX(MOD((HEX2DEC('Leaf Green Seeds'!K5) - 8 ),65536),4),"") -> 369C | L5: =IFERROR(DEC2HEX(MOD((HEX2DEC('Leaf Green Seeds'!L5) + 3 ),65536),4),"") -> 36A3 | M5: =IFERROR(DEC2HEX(MOD((HEX2DEC('Leaf Green Seeds'!M5) - 18 ),65536),4),"") -> 36B4 | N5: =IFERROR(DEC2HEX(MOD((HEX2DEC('Leaf Green Seeds'!N5) - 8 ),65536),4),"") -> 36BF | O5: =IFERROR(DEC2HEX(MOD((HEX2DEC('Leaf Green Seeds'!O5) + 3 ),65536),4),"") -> 36C1 | P5: =IFERROR(DEC2HEX(MOD((HEX2DEC('Leaf Green Seeds'!P5) - 8 ),65536),4),"") -> 36A1 | Q5: =IFERROR(DEC2HEX(MOD((HEX2DEC('Leaf Green Seeds'!Q5) - 8 ),65536),4),"") -> 36BA
A6: 4 | B6: 33808 | C6: 34804 | D6: =IFERROR(DEC2HEX(MOD((HEX2DEC('Leaf Green Seeds'!D6) - 18 ),65536),4),"") -> 7F31 | E6: =IFERROR(DEC2HEX(MOD((HEX2DEC('Leaf Green Seeds'!E6) - 8 ),65536),4),"") -> 7F3A | F6: =IFERROR(DEC2HEX(MOD((HEX2DEC('Leaf Green Seeds'!F6) + 3 ),65536),4),"") -> 7F47 | G6: =IFERROR(DEC2HEX(MOD((HEX2DEC('Leaf Green Seeds'!G6) - 18 ),65536),4),"") -> 7F31 | H6: =IFERROR(DEC2HEX(MOD((HEX2DEC('Leaf Green Seeds'!H6) - 8 ),65536),4),"") -> 7F3A | I6: =IFERROR(DEC2HEX(MOD((HEX2DEC('Leaf Green Seeds'!I6) + 3 ),65536),4),"") -> 7F47 | J6: =IFERROR(DEC2HEX(MOD((HEX2DEC('Leaf Green Seeds'!J6) - 18 ),65536),4),"") -> 7F32 | K6: =IFERROR(DEC2HEX(MOD((HEX2DEC('Leaf Green Seeds'!K6) - 8 ),65536),4),"") -> 7F32 | L6: =IFERROR(DEC2HEX(MOD((HEX2DEC('Leaf Green Seeds'!L6) + 3 ),65536),4),"") -> 7F3F | M6: =IFERROR(DEC2HEX(MOD((HEX2DEC('Leaf Green Seeds'!M6) - 18 ),65536),4),"") -> 7F32 | N6: =IFERROR(DEC2HEX(MOD((HEX2DEC('Leaf Green Seeds'!N6) - 8 ),65536),4),"") -> 7F32 | O6: =IFERROR(DEC2HEX(MOD((HEX2DEC('Leaf Green Seeds'!O6) + 3 ),65536),4),"") -> 7F36 | P6: =IFERROR(DEC2HEX(MOD((HEX2DEC('Leaf Green Seeds'!P6) - 8 ),65536),4),"") -> 7F2F | Q6: =IFERROR(DEC2HEX(MOD((HEX2DEC('Leaf Green Seeds'!Q6) - 8 ),65536),4),"") -> 7F38
A7: 5 | B7: 33824 | C7: 34820 | D7: =IFERROR(DEC2HEX(MOD((HEX2DEC('Leaf Green Seeds'!D7) - 18 ),65536),4),"") -> C926 | E7: =IFERROR(DEC2HEX(MOD((HEX2DEC('Leaf Green Seeds'!E7) - 8 ),65536),4),"") -> C924 | F7: =IFERROR(DEC2HEX(MOD((HEX2DEC('Leaf Green Seeds'!F7) + 3 ),65536),4),"") -> C932 | G7: =IFERROR(DEC2HEX(MOD((HEX2DEC('Leaf Green Seeds'!G7) - 18 ),65536),4),"") -> C949 | H7: =IFERROR(DEC2HEX(MOD((HEX2DEC('Leaf Green Seeds'!H7) - 8 ),65536),4),"") -> C93C | I7: =IFERROR(DEC2HEX(MOD((HEX2DEC('Leaf Green Seeds'!I7) + 3 ),65536),4),"") -> C954 | J7: =IFERROR(DEC2HEX(MOD((HEX2DEC('Leaf Green Seeds'!J7) - 18 ),65536),4),"") -> C91E | K7: =IFERROR(DEC2HEX(MOD((HEX2DEC('Leaf Green Seeds'!K7) - 8 ),65536),4),"") -> C91C | L7: =IFERROR(DEC2HEX(MOD((HEX2DEC('Leaf Green Seeds'!L7) + 3 ),65536),4),"") -> C923 | M7: =IFERROR(DEC2HEX(MOD((HEX2DEC('Leaf Green Seeds'!M7) - 18 ),65536),4),"") -> C93D | N7: =IFERROR(DEC2HEX(MOD((HEX2DEC('Leaf Green Seeds'!N7) - 8 ),65536),4),"") -> C934 | O7: =IFERROR(DEC2HEX(MOD((HEX2DEC('Leaf Green Seeds'!O7) + 3 ),65536),4),"") -> C940 | P7: =IFERROR(DEC2HEX(MOD((HEX2DEC('Leaf Green Seeds'!P7) - 8 ),65536),4),"") -> C921 | Q7: =IFERROR(DEC2HEX(MOD((HEX2DEC('Leaf Green Seeds'!Q7) - 8 ),65536),4),"") -> C943
A8: 6 | B8: 33840 | C8: 34836 | D8: =IFERROR(DEC2HEX(MOD((HEX2DEC('Leaf Green Seeds'!D8) - 18 ),65536),4),"") -> 11A5 | E8: =IFERROR(DEC2HEX(MOD((HEX2DEC('Leaf Green Seeds'!E8) - 8 ),65536),4),"") -> 11AD | F8: =IFERROR(DEC2HEX(MOD((HEX2DEC('Leaf Green Seeds'!F8) + 3 ),65536),4),"") -> 11B2 | G8: =IFERROR(DEC2HEX(MOD((HEX2DEC('Leaf Green Seeds'!G8) - 18 ),65536),4),"") -> 11A5 | H8: =IFERROR(DEC2HEX(MOD((HEX2DEC('Leaf Green Seeds'!H8) - 8 ),65536),4),"") -> 11A4 | I8: =IFERROR(DEC2HEX(MOD((HEX2DEC('Leaf Green Seeds'!I8) + 3 ),65536),4),"") -> 11B2 | J8: =IFERROR(DEC2HEX(MOD((HEX2DEC('Leaf Green Seeds'!J8) - 18 ),65536),4),"") -> 11A8 | K8: =IFERROR(DEC2HEX(MOD((HEX2DEC('Leaf Green Seeds'!K8) - 8 ),65536),4),"") -> 119C | L8: =IFERROR(DEC2HEX(MOD((HEX2DEC('Leaf Green Seeds'!L8) + 3 ),65536),4),"") -> 11B5 | M8: =IFERROR(DEC2HEX(MOD((HEX2DEC('Leaf Green Seeds'!M8) - 18 ),65536),4),"") -> 119C | N8: =IFERROR(DEC2HEX(MOD((HEX2DEC('Leaf Green Seeds'!N8) - 8 ),65536),4),"") -> 11A5 | O8: =IFERROR(DEC2HEX(MOD((HEX2DEC('Leaf Green Seeds'!O8) + 3 ),65536),4),"") -> 11A9 | P8: =IFERROR(DEC2HEX(MOD((HEX2DEC('Leaf Green Seeds'!P8) - 8 ),65536),4),"") -> 11A1 | Q8: =IFERROR(DEC2HEX(MOD((HEX2DEC('Leaf Green Seeds'!Q8) - 8 ),65536),4),"") -> 11AF
A9: 7 | B9: 33856 | C9: 34852 | D9: =IFERROR(DEC2HEX(MOD((HEX2DEC('Leaf Green Seeds'!D9) - 18 ),65536),4),"") -> 3FBA | E9: =IFERROR(DEC2HEX(MOD((HEX2DEC('Leaf Green Seeds'!E9) - 8 ),65536),4),"") -> 3FBA | F9: =IFERROR(DEC2HEX(MOD((HEX2DEC('Leaf Green Seeds'!F9) + 3 ),65536),4),"") -> 3FC7 | G9: =IFERROR(DEC2HEX(MOD((HEX2DEC('Leaf Green Seeds'!G9) - 18 ),65536),4),"") -> 3FD8 | H9: =IFERROR(DEC2HEX(MOD((HEX2DEC('Leaf Green Seeds'!H9) - 8 ),65536),4),"") -> 3FD9 | I9: =IFERROR(DEC2HEX(MOD((HEX2DEC('Leaf Green Seeds'!I9) + 3 ),65536),4),"") -> 3FE5 | J9: =IFERROR(DEC2HEX(MOD((HEX2DEC('Leaf Green Seeds'!J9) - 18 ),65536),4),"") -> 3FA6 | K9: =IFERROR(DEC2HEX(MOD((HEX2DEC('Leaf Green Seeds'!K9) - 8 ),65536),4),"") -> 3FA7 | L9: =IFERROR(DEC2HEX(MOD((HEX2DEC('Leaf Green Seeds'!L9) + 3 ),65536),4),"") -> 3FBE | M9: =IFERROR(DEC2HEX(MOD((HEX2DEC('Leaf Green Seeds'!M9) - 18 ),65536),4),"") -> 3FC5 | N9: =IFERROR(DEC2HEX(MOD((HEX2DEC('Leaf Green Seeds'!N9) - 8 ),65536),4),"") -> 3FD1 | O9: =IFERROR(DEC2HEX(MOD((HEX2DEC('Leaf Green Seeds'!O9) + 3 ),65536),4),"") -> 3FDC | P9: =IFERROR(DEC2HEX(MOD((HEX2DEC('Leaf Green Seeds'!P9) - 8 ),65536),4),"") -> 3FB7 | Q9: =IFERROR(DEC2HEX(MOD((HEX2DEC('Leaf Green Seeds'!Q9) - 8 ),65536),4),"") -> 3FD5
A10: 8 | B10: 33872 | C10: 34868 | D10: =IFERROR(DEC2HEX(MOD((HEX2DEC('Leaf Green Seeds'!D10) - 18 ),65536),4),"") -> 96CC | E10: =IFERROR(DEC2HEX(MOD((HEX2DEC('Leaf Green Seeds'!E10) - 8 ),65536),4),"") -> 96CD | F10: =IFERROR(DEC2HEX(MOD((HEX2DEC('Leaf Green Seeds'!F10) + 3 ),65536),4),"") -> 96E1 | G10: =IFERROR(DEC2HEX(MOD((HEX2DEC('Leaf Green Seeds'!G10) - 18 ),65536),4),"") -> 96F2 | H10: =IFERROR(DEC2HEX(MOD((HEX2DEC('Leaf Green Seeds'!H10) - 8 ),65536),4),"") -> 96F6 | I10: =IFERROR(DEC2HEX(MOD((HEX2DEC('Leaf Green Seeds'!I10) + 3 ),65536),4),"") -> 96FF | J10: =IFERROR(DEC2HEX(MOD((HEX2DEC('Leaf Green Seeds'!J10) - 18 ),65536),4),"") -> 96CC | K10: =IFERROR(DEC2HEX(MOD((HEX2DEC('Leaf Green Seeds'!K10) - 8 ),65536),4),"") -> 96CF | L10: =IFERROR(DEC2HEX(MOD((HEX2DEC('Leaf Green Seeds'!L10) + 3 ),65536),4),"") -> 96DC | M10: =IFERROR(DEC2HEX(MOD((HEX2DEC('Leaf Green Seeds'!M10) - 18 ),65536),4),"") -> 96E2 | N10: =IFERROR(DEC2HEX(MOD((HEX2DEC('Leaf Green Seeds'!N10) - 8 ),65536),4),"") -> 96EB | O10: =IFERROR(DEC2HEX(MOD((HEX2DEC('Leaf Green Seeds'!O10) + 3 ),65536),4),"") -> 96FA | P10: =IFERROR(DEC2HEX(MOD((HEX2DEC('Leaf Green Seeds'!P10) - 8 ),65536),4),"") -> 96D4 | Q10: =IFERROR(DEC2HEX(MOD((HEX2DEC('Leaf Green Seeds'!Q10) - 8 ),65536),4),"") -> 96F0
A11: 9 | B11: 33888 | C11: 34884 | D11: =IFERROR(DEC2HEX(MOD((HEX2DEC('Leaf Green Seeds'!D11) - 18 ),65536),4),"") -> D4B7 | E11: =IFERROR(DEC2HEX(MOD((HEX2DEC('Leaf Green Seeds'!E11) - 8 ),65536),4),"") -> D4B8 | F11: =IFERROR(DEC2HEX(MOD((HEX2DEC('Leaf Green Seeds'!F11) + 3 ),65536),4),"") -> D4CD | G11: =IFERROR(DEC2HEX(MOD((HEX2DEC('Leaf Green Seeds'!G11) - 18 ),65536),4),"") -> D4B7 | H11: =IFERROR(DEC2HEX(MOD((HEX2DEC('Leaf Green Seeds'!H11) - 8 ),65536),4),"") -> D4B8 | I11: =IFERROR(DEC2HEX(MOD((HEX2DEC('Leaf Green Seeds'!I11) + 3 ),65536),4),"") -> D4C4 | J11: =IFERROR(DEC2HEX(MOD((HEX2DEC('Leaf Green Seeds'!J11) - 18 ),65536),4),"") -> D4AF | K11: =IFERROR(DEC2HEX(MOD((HEX2DEC('Leaf Green Seeds'!K11) - 8 ),65536),4),"") -> D4B8 | L11: =IFERROR(DEC2HEX(MOD((HEX2DEC('Leaf Green Seeds'!L11) + 3 ),65536),4),"") -> D4BC | M11: =IFERROR(DEC2HEX(MOD((HEX2DEC('Leaf Green Seeds'!M11) - 18 ),65536),4),"") -> D4B7 | N11: =IFERROR(DEC2HEX(MOD((HEX2DEC('Leaf Green Seeds'!N11) - 8 ),65536),4),"") -> D4B0 | O11: =IFERROR(DEC2HEX(MOD((HEX2DEC('Leaf Green Seeds'!O11) + 3 ),65536),4),"") -> D4BC | P11: =IFERROR(DEC2HEX(MOD((HEX2DEC('Leaf Green Seeds'!P11) - 8 ),65536),4),"") -> D4B5 | Q11: =IFERROR(DEC2HEX(MOD((HEX2DEC('Leaf Green Seeds'!Q11) - 8 ),65536),4),"") -> D4B5
A12: 10 | B12: 33904 | C12: 34900 | D12: =IFERROR(DEC2HEX(MOD((HEX2DEC('Leaf Green Seeds'!D12) - 18 ),65536),4),"") -> 1E84 | E12: =IFERROR(DEC2HEX(MOD((HEX2DEC('Leaf Green Seeds'!E12) - 8 ),65536),4),"") -> 1E85 | F12: =IFERROR(DEC2HEX(MOD((HEX2DEC('Leaf Green Seeds'!F12) + 3 ),65536),4),"") -> 1E9B | G12: =IFERROR(DEC2HEX(MOD((HEX2DEC('Leaf Green Seeds'!G12) - 18 ),65536),4),"") -> 1EA3 | H12: =IFERROR(DEC2HEX(MOD((HEX2DEC('Leaf Green Seeds'!H12) - 8 ),65536),4),"") -> 1EA4 | I12: =IFERROR(DEC2HEX(MOD((HEX2DEC('Leaf Green Seeds'!I12) + 3 ),65536),4),"") -> 1EB9 | J12: =IFERROR(DEC2HEX(MOD((HEX2DEC('Leaf Green Seeds'!J12) - 18 ),65536),4),"") -> 1E7C | K12: =IFERROR(DEC2HEX(MOD((HEX2DEC('Leaf Green Seeds'!K12) - 8 ),65536),4),"") -> 1E7D | L12: =IFERROR(DEC2HEX(MOD((HEX2DEC('Leaf Green Seeds'!L12) + 3 ),65536),4),"") -> 1E93 | M12: =IFERROR(DEC2HEX(MOD((HEX2DEC('Leaf Green Seeds'!M12) - 18 ),65536),4),"") -> 1EA4 | N12: =IFERROR(DEC2HEX(MOD((HEX2DEC('Leaf Green Seeds'!N12) - 8 ),65536),4),"") -> 1E9C | O12: =IFERROR(DEC2HEX(MOD((HEX2DEC('Leaf Green Seeds'!O12) + 3 ),65536),4),"") -> 1EB1 | P12: =IFERROR(DEC2HEX(MOD((HEX2DEC('Leaf Green Seeds'!P12) - 8 ),65536),4),"") -> 1E8C | Q12: =IFERROR(DEC2HEX(MOD((HEX2DEC('Leaf Green Seeds'!Q12) - 8 ),65536),4),"") -> 1EA1
A13: 11 | B13: 33920 | C13: 34916 | D13: =IFERROR(DEC2HEX(MOD((HEX2DEC('Leaf Green Seeds'!D13) - 18 ),65536),4),"") -> 9231 | E13: =IFERROR(DEC2HEX(MOD((HEX2DEC('Leaf Green Seeds'!E13) - 8 ),65536),4),"") -> 922A | F13: =IFERROR(DEC2HEX(MOD((HEX2DEC('Leaf Green Seeds'!F13) + 3 ),65536),4),"") -> 9240 | G13: =IFERROR(DEC2HEX(MOD((HEX2DEC('Leaf Green Seeds'!G13) - 18 ),65536),4),"") -> 9231 | H13: =IFERROR(DEC2HEX(MOD((HEX2DEC('Leaf Green Seeds'!H13) - 8 ),65536),4),"") -> 9232 | I13: =IFERROR(DEC2HEX(MOD((HEX2DEC('Leaf Green Seeds'!I13) + 3 ),65536),4),"") -> 923E | J13: =IFERROR(DEC2HEX(MOD((HEX2DEC('Leaf Green Seeds'!J13) - 18 ),65536),4),"") -> 9221 | K13: =IFERROR(DEC2HEX(MOD((HEX2DEC('Leaf Green Seeds'!K13) - 8 ),65536),4),"") -> 922A | L13: =IFERROR(DEC2HEX(MOD((HEX2DEC('Leaf Green Seeds'!L13) + 3 ),65536),4),"") -> 922E | M13: =IFERROR(DEC2HEX(MOD((HEX2DEC('Leaf Green Seeds'!M13) - 18 ),65536),4),"") -> 9229 | N13: =IFERROR(DEC2HEX(MOD((HEX2DEC('Leaf Green Seeds'!N13) - 8 ),65536),4),"") -> 9222 | O13: =IFERROR(DEC2HEX(MOD((HEX2DEC('Leaf Green Seeds'!O13) + 3 ),65536),4),"") -> 922E | P13: =IFERROR(DEC2HEX(MOD((HEX2DEC('Leaf Green Seeds'!P13) - 8 ),65536),4),"") -> 9227 | Q13: =IFERROR(DEC2HEX(MOD((HEX2DEC('Leaf Green Seeds'!Q13) - 8 ),65536),4),"") -> 9227
A14: 12 | B14: 33936 | C14: 34932 | D14: =IFERROR(DEC2HEX(MOD((HEX2DEC('Leaf Green Seeds'!D14) - 18 ),65536),4),"") -> CF02 | E14: =IFERROR(DEC2HEX(MOD((HEX2DEC('Leaf Green Seeds'!E14) - 8 ),65536),4),"") -> CEFC | F14: =IFERROR(DEC2HEX(MOD((HEX2DEC('Leaf Green Seeds'!F14) + 3 ),65536),4),"") -> CF08 | G14: =IFERROR(DEC2HEX(MOD((HEX2DEC('Leaf Green Seeds'!G14) - 18 ),65536),4),"") -> CF1E | H14: =IFERROR(DEC2HEX(MOD((HEX2DEC('Leaf Green Seeds'!H14) - 8 ),65536),4),"") -> CF13 | I14: =IFERROR(DEC2HEX(MOD((HEX2DEC('Leaf Green Seeds'!I14) + 3 ),65536),4),"") -> CF1F | J14: =IFERROR(DEC2HEX(MOD((HEX2DEC('Leaf Green Seeds'!J14) - 18 ),65536),4),"") -> CEFC | K14: =IFERROR(DEC2HEX(MOD((HEX2DEC('Leaf Green Seeds'!K14) - 8 ),65536),4),"") -> CEF4 | L14: =IFERROR(DEC2HEX(MOD((HEX2DEC('Leaf Green Seeds'!L14) + 3 ),65536),4),"") -> CF0A | M14: =IFERROR(DEC2HEX(MOD((HEX2DEC('Leaf Green Seeds'!M14) - 18 ),65536),4),"") -> CF15 | N14: =IFERROR(DEC2HEX(MOD((HEX2DEC('Leaf Green Seeds'!N14) - 8 ),65536),4),"") -> CF13 | O14: =IFERROR(DEC2HEX(MOD((HEX2DEC('Leaf Green Seeds'!O14) + 3 ),65536),4),"") -> CF1F | P14: =IFERROR(DEC2HEX(MOD((HEX2DEC('Leaf Green Seeds'!P14) - 8 ),65536),4),"") -> CEF9 | Q14: =IFERROR(DEC2HEX(MOD((HEX2DEC('Leaf Green Seeds'!Q14) - 8 ),65536),4),"") -> CF10
... A2440: 2438 | B2440: 74638 | C2440: 75632 | D2440: =IFERROR(DEC2HEX(MOD((HEX2DEC('Leaf Green Seeds'!D2440) - 18 ),65536),4),"") -> BC98 | E2440: =IFERROR(DEC2HEX(MOD((HEX2DEC('Leaf Green Seeds'!E2440) - 8 ),65536),4),"") -> BC9A | F2440: =IFERROR(DEC2HEX(MOD((HEX2DEC('Leaf Green Seeds'!F2440) + 3 ),65536),4),"") -> BCA5 | G2440: =IFERROR(DEC2HEX(MOD((HEX2DEC('Leaf Green Seeds'!G2440) - 18 ),65536),4),"") -> BCB5 | H2440: =IFERROR(DEC2HEX(MOD((HEX2DEC('Leaf Green Seeds'!H2440) - 8 ),65536),4),"") -> BCB6 | I2440: =IFERROR(DEC2HEX(MOD((HEX2DEC('Leaf Green Seeds'!I2440) + 3 ),65536),4),"") -> BCBB | J2440: =IFERROR(DEC2HEX(MOD((HEX2DEC('Leaf Green Seeds'!J2440) - 18 ),65536),4),"") | K2440: =IFERROR(DEC2HEX(MOD((HEX2DEC('Leaf Green Seeds'!K2440) - 8 ),65536),4),"") | L2440: =IFERROR(DEC2HEX(MOD((HEX2DEC('Leaf Green Seeds'!L2440) + 3 ),65536),4),"") | M2440: =IFERROR(DEC2HEX(MOD((HEX2DEC('Leaf Green Seeds'!M2440) - 18 ),65536),4),"") | N2440: =IFERROR(DEC2HEX(MOD((HEX2DEC('Leaf Green Seeds'!N2440) - 8 ),65536),4),"") | O2440: =IFERROR(DEC2HEX(MOD((HEX2DEC('Leaf Green Seeds'!O2440) + 3 ),65536),4),"") -> BCBD | P2440: =IFERROR(DEC2HEX(MOD((HEX2DEC('Leaf Green Seeds'!P2440) - 8 ),65536),4),"") -> BC8D | Q2440: =IFERROR(DEC2HEX(MOD((HEX2DEC('Leaf Green Seeds'!Q2440) - 8 ),65536),4),"") -> BCAC

Sheet Held Blackout R Button
A1: Hold the R Button during the black screen right before the shooting star from the intro appears. You can let go of it as soon you can see the leaves on the title screen. | J1: Instead of pressing the A button on the title screen, press Start instead | P1: Instead of pressing the A button on the title screen, press L instead
A2: # | B2: Intro Time ms (GBA) | C2: Intro Time ms (NDS) | D2: MONO/LR | E2: MONO/L=A | F2: MONO/HELP | G2: STEREO/LR | H2: STEREO/L=A | I2: STEREO/HELP | J2: MONO/LR, Start | K2: MONO/L=A, Start | L2: MONO/HELP, Start | M2: STEREO/LR, Start | N2: STEREO/L=A, Start | O2: STEREO/HELP, Start | P2: MONO/L=A, L | Q2: STEREO/L=A, L
A3: 1 | B3: 33752 | C3: 34748 | D3: =IFERROR(DEC2HEX(MOD((HEX2DEC('Leaf Green Seeds'!D3) - 23 ),65536),4),"") -> A071 | E3: =IFERROR(DEC2HEX(MOD((HEX2DEC('Leaf Green Seeds'!E3) - 23 ),65536),4),"") -> A05E | F3: =IFERROR(DEC2HEX(MOD((HEX2DEC('Leaf Green Seeds'!F3) - 23 ),65536),4),"") -> A069 | G3: =IFERROR(DEC2HEX(MOD((HEX2DEC('Leaf Green Seeds'!G3) - 23 ),65536),4),"") -> A09C | H3: =IFERROR(DEC2HEX(MOD((HEX2DEC('Leaf Green Seeds'!H3) - 23 ),65536),4),"") -> A0A0 | I3: =IFERROR(DEC2HEX(MOD((HEX2DEC('Leaf Green Seeds'!I3) - 23 ),65536),4),"") -> A094 | J3: =IFERROR(DEC2HEX(MOD((HEX2DEC('Leaf Green Seeds'!J3) - 23 ),65536),4),"") -> A067 | K3: =IFERROR(DEC2HEX(MOD((HEX2DEC('Leaf Green Seeds'!K3) - 23 ),65536),4),"") -> A060 | ... Q3: =IFERROR(DEC2HEX(MOD((HEX2DEC('Leaf Green Seeds'!Q3) - 23 ),65536),4),"") -> A09C
A4: 2 | B4: 33768 | C4: 34764 | D4: =IFERROR(DEC2HEX(MOD((HEX2DEC('Leaf Green Seeds'!D4) - 23 ),65536),4),"") -> ECB8 | E4: =IFERROR(DEC2HEX(MOD((HEX2DEC('Leaf Green Seeds'!E4) - 23 ),65536),4),"") -> ECAD | F4: =IFERROR(DEC2HEX(MOD((HEX2DEC('Leaf Green Seeds'!F4) - 23 ),65536),4),"") -> ECAF | G4: =IFERROR(DEC2HEX(MOD((HEX2DEC('Leaf Green Seeds'!G4) - 23 ),65536),4),"") -> ECAE | H4: =IFERROR(DEC2HEX(MOD((HEX2DEC('Leaf Green Seeds'!H4) - 23 ),65536),4),"") -> ECA5 | I4: =IFERROR(DEC2HEX(MOD((HEX2DEC('Leaf Green Seeds'!I4) - 23 ),65536),4),"") -> ECA6 | J4: =IFERROR(DEC2HEX(MOD((HEX2DEC('Leaf Green Seeds'!J4) - 23 ),65536),4),"") -> ECA6 | K4: =IFERROR(DEC2HEX(MOD((HEX2DEC('Leaf Green Seeds'!K4) - 23 ),65536),4),"") -> EC9D | ... Q4: =IFERROR(DEC2HEX(MOD((HEX2DEC('Leaf Green Seeds'!Q4) - 23 ),65536),4),"") -> ECAB
A5: 3 | B5: 33784 | C5: 34780 | D5: =IFERROR(DEC2HEX(MOD((HEX2DEC('Leaf Green Seeds'!D5) - 23 ),65536),4),"") -> 369E | E5: =IFERROR(DEC2HEX(MOD((HEX2DEC('Leaf Green Seeds'!E5) - 23 ),65536),4),"") -> 3690 | F5: =IFERROR(DEC2HEX(MOD((HEX2DEC('Leaf Green Seeds'!F5) - 23 ),65536),4),"") -> 3691 | G5: =IFERROR(DEC2HEX(MOD((HEX2DEC('Leaf Green Seeds'!G5) - 23 ),65536),4),"") -> 36B7 | H5: =IFERROR(DEC2HEX(MOD((HEX2DEC('Leaf Green Seeds'!H5) - 23 ),65536),4),"") -> 36B8 | I5: =IFERROR(DEC2HEX(MOD((HEX2DEC('Leaf Green Seeds'!I5) - 23 ),65536),4),"") -> 36B9 | J5: =IFERROR(DEC2HEX(MOD((HEX2DEC('Leaf Green Seeds'!J5) - 23 ),65536),4),"") -> 3696 | K5: =IFERROR(DEC2HEX(MOD((HEX2DEC('Leaf Green Seeds'!K5) - 23 ),65536),4),"") -> 368D | ... Q5: =IFERROR(DEC2HEX(MOD((HEX2DEC('Leaf Green Seeds'!Q5) - 23 ),65536),4),"") -> 36AB
A6: 4 | B6: 33808 | C6: 34804 | D6: =IFERROR(DEC2HEX(MOD((HEX2DEC('Leaf Green Seeds'!D6) - 23 ),65536),4),"") -> 7F2C | E6: =IFERROR(DEC2HEX(MOD((HEX2DEC('Leaf Green Seeds'!E6) - 23 ),65536),4),"") -> 7F2B | F6: =IFERROR(DEC2HEX(MOD((HEX2DEC('Leaf Green Seeds'!F6) - 23 ),65536),4),"") -> 7F2D | G6: =IFERROR(DEC2HEX(MOD((HEX2DEC('Leaf Green Seeds'!G6) - 23 ),65536),4),"") -> 7F2C | H6: =IFERROR(DEC2HEX(MOD((HEX2DEC('Leaf Green Seeds'!H6) - 23 ),65536),4),"") -> 7F2B | I6: =IFERROR(DEC2HEX(MOD((HEX2DEC('Leaf Green Seeds'!I6) - 23 ),65536),4),"") -> 7F2D | J6: =IFERROR(DEC2HEX(MOD((HEX2DEC('Leaf Green Seeds'!J6) - 23 ),65536),4),"") -> 7F2D | K6: =IFERROR(DEC2HEX(MOD((HEX2DEC('Leaf Green Seeds'!K6) - 23 ),65536),4),"") -> 7F23 | ... Q6: =IFERROR(DEC2HEX(MOD((HEX2DEC('Leaf Green Seeds'!Q6) - 23 ),65536),4),"") -> 7F29
A7: 5 | B7: 33824 | C7: 34820 | D7: =IFERROR(DEC2HEX(MOD((HEX2DEC('Leaf Green Seeds'!D7) - 23 ),65536),4),"") -> C921 | E7: =IFERROR(DEC2HEX(MOD((HEX2DEC('Leaf Green Seeds'!E7) - 23 ),65536),4),"") -> C915 | F7: =IFERROR(DEC2HEX(MOD((HEX2DEC('Leaf Green Seeds'!F7) - 23 ),65536),4),"") -> C918 | G7: =IFERROR(DEC2HEX(MOD((HEX2DEC('Leaf Green Seeds'!G7) - 23 ),65536),4),"") -> C944 | H7: =IFERROR(DEC2HEX(MOD((HEX2DEC('Leaf Green Seeds'!H7) - 23 ),65536),4),"") -> C92D | I7: =IFERROR(DEC2HEX(MOD((HEX2DEC('Leaf Green Seeds'!I7) - 23 ),65536),4),"") -> C93A | J7: =IFERROR(DEC2HEX(MOD((HEX2DEC('Leaf Green Seeds'!J7) - 23 ),65536),4),"") -> C919 | K7: =IFERROR(DEC2HEX(MOD((HEX2DEC('Leaf Green Seeds'!K7) - 23 ),65536),4),"") -> C90D | ... Q7: =IFERROR(DEC2HEX(MOD((HEX2DEC('Leaf Green Seeds'!Q7) - 23 ),65536),4),"") -> C934
A8: 6 | B8: 33840 | C8: 34836 | D8: =IFERROR(DEC2HEX(MOD((HEX2DEC('Leaf Green Seeds'!D8) - 23 ),65536),4),"") -> 11A0 | E8: =IFERROR(DEC2HEX(MOD((HEX2DEC('Leaf Green Seeds'!E8) - 23 ),65536),4),"") -> 119E | F8: =IFERROR(DEC2HEX(MOD((HEX2DEC('Leaf Green Seeds'!F8) - 23 ),65536),4),"") -> 1198 | G8: =IFERROR(DEC2HEX(MOD((HEX2DEC('Leaf Green Seeds'!G8) - 23 ),65536),4),"") -> 11A0 | H8: =IFERROR(DEC2HEX(MOD((HEX2DEC('Leaf Green Seeds'!H8) - 23 ),65536),4),"") -> 1195 | I8: =IFERROR(DEC2HEX(MOD((HEX2DEC('Leaf Green Seeds'!I8) - 23 ),65536),4),"") -> 1198 | J8: =IFERROR(DEC2HEX(MOD((HEX2DEC('Leaf Green Seeds'!J8) - 23 ),65536),4),"") -> 11A3 | K8: =IFERROR(DEC2HEX(MOD((HEX2DEC('Leaf Green Seeds'!K8) - 23 ),65536),4),"") -> 118D | ... Q8: =IFERROR(DEC2HEX(MOD((HEX2DEC('Leaf Green Seeds'!Q8) - 23 ),65536),4),"") -> 11A0
A9: 7 | B9: 33856 | C9: 34852 | D9: =IFERROR(DEC2HEX(MOD((HEX2DEC('Leaf Green Seeds'!D9) - 23 ),65536),4),"") -> 3FB5 | E9: =IFERROR(DEC2HEX(MOD((HEX2DEC('Leaf Green Seeds'!E9) - 23 ),65536),4),"") -> 3FAB | F9: =IFERROR(DEC2HEX(MOD((HEX2DEC('Leaf Green Seeds'!F9) - 23 ),65536),4),"") -> 3FAD | G9: =IFERROR(DEC2HEX(MOD((HEX2DEC('Leaf Green Seeds'!G9) - 23 ),65536),4),"") -> 3FD3 | H9: =IFERROR(DEC2HEX(MOD((HEX2DEC('Leaf Green Seeds'!H9) - 23 ),65536),4),"") -> 3FCA | I9: =IFERROR(DEC2HEX(MOD((HEX2DEC('Leaf Green Seeds'!I9) - 23 ),65536),4),"") -> 3FCB | J9: =IFERROR(DEC2HEX(MOD((HEX2DEC('Leaf Green Seeds'!J9) - 23 ),65536),4),"") -> 3FA1 | K9: =IFERROR(DEC2HEX(MOD((HEX2DEC('Leaf Green Seeds'!K9) - 23 ),65536),4),"") -> 3F98 | ... Q9: =IFERROR(DEC2HEX(MOD((HEX2DEC('Leaf Green Seeds'!Q9) - 23 ),65536),4),"") -> 3FC6
A10: 8 | B10: 33872 | C10: 34868 | D10: =IFERROR(DEC2HEX(MOD((HEX2DEC('Leaf Green Seeds'!D10) - 23 ),65536),4),"") -> 96C7 | E10: =IFERROR(DEC2HEX(MOD((HEX2DEC('Leaf Green Seeds'!E10) - 23 ),65536),4),"") -> 96BE | F10: =IFERROR(DEC2HEX(MOD((HEX2DEC('Leaf Green Seeds'!F10) - 23 ),65536),4),"") -> 96C7 | G10: =IFERROR(DEC2HEX(MOD((HEX2DEC('Leaf Green Seeds'!G10) - 23 ),65536),4),"") -> 96ED | H10: =IFERROR(DEC2HEX(MOD((HEX2DEC('Leaf Green Seeds'!H10) - 23 ),65536),4),"") -> 96E7 | I10: =IFERROR(DEC2HEX(MOD((HEX2DEC('Leaf Green Seeds'!I10) - 23 ),65536),4),"") -> 96E5 | J10: =IFERROR(DEC2HEX(MOD((HEX2DEC('Leaf Green Seeds'!J10) - 23 ),65536),4),"") -> 96C7 | K10: =IFERROR(DEC2HEX(MOD((HEX2DEC('Leaf Green Seeds'!K10) - 23 ),65536),4),"") -> 96C0 | ... Q10: =IFERROR(DEC2HEX(MOD((HEX2DEC('Leaf Green Seeds'!Q10) - 23 ),65536),4),"") -> 96E1
A11: 9 | B11: 33888 | C11: 34884 | D11: =IFERROR(DEC2HEX(MOD((HEX2DEC('Leaf Green Seeds'!D11) - 23 ),65536),4),"") -> D4B2 | E11: =IFERROR(DEC2HEX(MOD((HEX2DEC('Leaf Green Seeds'!E11) - 23 ),65536),4),"") -> D4A9 | F11: =IFERROR(DEC2HEX(MOD((HEX2DEC('Leaf Green Seeds'!F11) - 23 ),65536),4),"") -> D4B3 | G11: =IFERROR(DEC2HEX(MOD((HEX2DEC('Leaf Green Seeds'!G11) - 23 ),65536),4),"") -> D4B2 | H11: =IFERROR(DEC2HEX(MOD((HEX2DEC('Leaf Green Seeds'!H11) - 23 ),65536),4),"") -> D4A9 | I11: =IFERROR(DEC2HEX(MOD((HEX2DEC('Leaf Green Seeds'!I11) - 23 ),65536),4),"") -> D4AA | J11: =IFERROR(DEC2HEX(MOD((HEX2DEC('Leaf Green Seeds'!J11) - 23 ),65536),4),"") -> D4AA | K11: =IFERROR(DEC2HEX(MOD((HEX2DEC('Leaf Green Seeds'!K11) - 23 ),65536),4),"") -> D4A9 | ... Q11: =IFERROR(DEC2HEX(MOD((HEX2DEC('Leaf Green Seeds'!Q11) - 23 ),65536),4),"") -> D4A6
A12: 10 | B12: 33904 | C12: 34900 | D12: =IFERROR(DEC2HEX(MOD((HEX2DEC('Leaf Green Seeds'!D12) - 23 ),65536),4),"") -> 1E7F | E12: =IFERROR(DEC2HEX(MOD((HEX2DEC('Leaf Green Seeds'!E12) - 23 ),65536),4),"") -> 1E76 | F12: =IFERROR(DEC2HEX(MOD((HEX2DEC('Leaf Green Seeds'!F12) - 23 ),65536),4),"") -> 1E81 | G12: =IFERROR(DEC2HEX(MOD((HEX2DEC('Leaf Green Seeds'!G12) - 23 ),65536),4),"") -> 1E9E | H12: =IFERROR(DEC2HEX(MOD((HEX2DEC('Leaf Green Seeds'!H12) - 23 ),65536),4),"") -> 1E95 | I12: =IFERROR(DEC2HEX(MOD((HEX2DEC('Leaf Green Seeds'!I12) - 23 ),65536),4),"") -> 1E9F | J12: =IFERROR(DEC2HEX(MOD((HEX2DEC('Leaf Green Seeds'!J12) - 23 ),65536),4),"") -> 1E77 | K12: =IFERROR(DEC2HEX(MOD((HEX2DEC('Leaf Green Seeds'!K12) - 23 ),65536),4),"") -> 1E6E | ... Q12: =IFERROR(DEC2HEX(MOD((HEX2DEC('Leaf Green Seeds'!Q12) - 23 ),65536),4),"") -> 1E92
A13: 11 | B13: 33920 | C13: 34916 | D13: =IFERROR(DEC2HEX(MOD((HEX2DEC('Leaf Green Seeds'!D13) - 23 ),65536),4),"") -> 922C | E13: =IFERROR(DEC2HEX(MOD((HEX2DEC('Leaf Green Seeds'!E13) - 23 ),65536),4),"") -> 921B | F13: =IFERROR(DEC2HEX(MOD((HEX2DEC('Leaf Green Seeds'!F13) - 23 ),65536),4),"") -> 9226 | G13: =IFERROR(DEC2HEX(MOD((HEX2DEC('Leaf Green Seeds'!G13) - 23 ),65536),4),"") -> 922C | H13: =IFERROR(DEC2HEX(MOD((HEX2DEC('Leaf Green Seeds'!H13) - 23 ),65536),4),"") -> 9223 | I13: =IFERROR(DEC2HEX(MOD((HEX2DEC('Leaf Green Seeds'!I13) - 23 ),65536),4),"") -> 9224 | J13: =IFERROR(DEC2HEX(MOD((HEX2DEC('Leaf Green Seeds'!J13) - 23 ),65536),4),"") -> 921C | K13: =IFERROR(DEC2HEX(MOD((HEX2DEC('Leaf Green Seeds'!K13) - 23 ),65536),4),"") -> 921B | ... Q13: =IFERROR(DEC2HEX(MOD((HEX2DEC('Leaf Green Seeds'!Q13) - 23 ),65536),4),"") -> 9218
A14: 12 | B14: 33936 | C14: 34932 | D14: =IFERROR(DEC2HEX(MOD((HEX2DEC('Leaf Green Seeds'!D14) - 23 ),65536),4),"") -> CEFD | E14: =IFERROR(DEC2HEX(MOD((HEX2DEC('Leaf Green Seeds'!E14) - 23 ),65536),4),"") -> CEED | F14: =IFERROR(DEC2HEX(MOD((HEX2DEC('Leaf Green Seeds'!F14) - 23 ),65536),4),"") -> CEEE | G14: =IFERROR(DEC2HEX(MOD((HEX2DEC('Leaf Green Seeds'!G14) - 23 ),65536),4),"") -> CF19 | H14: =IFERROR(DEC2HEX(MOD((HEX2DEC('Leaf Green Seeds'!H14) - 23 ),65536),4),"") -> CF04 | I14: =IFERROR(DEC2HEX(MOD((HEX2DEC('Leaf Green Seeds'!I14) - 23 ),65536),4),"") -> CF05 | J14: =IFERROR(DEC2HEX(MOD((HEX2DEC('Leaf Green Seeds'!J14) - 23 ),65536),4),"") -> CEF7 | K14: =IFERROR(DEC2HEX(MOD((HEX2DEC('Leaf Green Seeds'!K14) - 23 ),65536),4),"") -> CEE5 | ... Q14: =IFERROR(DEC2HEX(MOD((HEX2DEC('Leaf Green Seeds'!Q14) - 23 ),65536),4),"") -> CF01
... A2440: 2438 | B2440: 74638 | C2440: 75632 | D2440: =IFERROR(DEC2HEX(MOD((HEX2DEC('Leaf Green Seeds'!D2440) - 23 ),65536),4),"") -> BC93 | E2440: =IFERROR(DEC2HEX(MOD((HEX2DEC('Leaf Green Seeds'!E2440) - 23 ),65536),4),"") -> BC8B | F2440: =IFERROR(DEC2HEX(MOD((HEX2DEC('Leaf Green Seeds'!F2440) - 23 ),65536),4),"") -> BC8B | G2440: =IFERROR(DEC2HEX(MOD((HEX2DEC('Leaf Green Seeds'!G2440) - 23 ),65536),4),"") -> BCB0 | H2440: =IFERROR(DEC2HEX(MOD((HEX2DEC('Leaf Green Seeds'!H2440) - 23 ),65536),4),"") -> BCA7 | I2440: =IFERROR(DEC2HEX(MOD((HEX2DEC('Leaf Green Seeds'!I2440) - 23 ),65536),4),"") -> BCA1 | J2440: =IFERROR(DEC2HEX(MOD((HEX2DEC('Leaf Green Seeds'!J2440) - 23 ),65536),4),"") | K2440: =IFERROR(DEC2HEX(MOD((HEX2DEC('Leaf Green Seeds'!K2440) - 23 ),65536),4),"") | ... Q2440: =IFERROR(DEC2HEX(MOD((HEX2DEC('Leaf Green Seeds'!Q2440) - 23 ),65536),4),"") -> BC9D

Sheet Held Blackout A Button
A1: Hold the A Button during the black screen right before the shooting star from the intro appears. You can let go of it as soon you can see the leaves on the title screen. | J1: Instead of pressing the A button on the title screen, press Start instead | P1: Instead of pressing the A button on the title screen, press L instead
A2: # | B2: Intro Time ms (GBA) | C2: Intro Time ms (NDS) | D2: MONO/LR | E2: MONO/L=A | F2: MONO/HELP | G2: STEREO/LR | H2: STEREO/L=A | I2: STEREO/HELP | J2: MONO/LR, Start | K2: MONO/L=A, Start | L2: MONO/HELP, Start | M2: STEREO/LR, Start | N2: STEREO/L=A, Start | O2: STEREO/HELP, Start | P2: MONO/L=A, L | Q2: STEREO/L=A, L
A3: 1 | B3: 33752 | C3: 34748 | D3: =IFERROR(DEC2HEX(MOD((HEX2DEC('Leaf Green Seeds'!D3) - 39 ),65536),4),"") -> A061 | E3: =IFERROR(DEC2HEX(MOD((HEX2DEC('Leaf Green Seeds'!E3) - 31 ),65536),4),"") -> A056 | F3: =IFERROR(DEC2HEX(MOD((HEX2DEC('Leaf Green Seeds'!F3) - 23 ),65536),4),"") -> A069 | G3: =IFERROR(DEC2HEX(MOD((HEX2DEC('Leaf Green Seeds'!G3) - 39 ),65536),4),"") -> A08C | H3: =IFERROR(DEC2HEX(MOD((HEX2DEC('Leaf Green Seeds'!H3) - 31 ),65536),4),"") -> A098 | I3: =IFERROR(DEC2HEX(MOD((HEX2DEC('Leaf Green Seeds'!I3) - 23 ),65536),4),"") -> A094 | J3: =IFERROR(DEC2HEX(MOD((HEX2DEC('Leaf Green Seeds'!J3) - 39 ),65536),4),"") -> A057 | K3: =IFERROR(DEC2HEX(MOD((HEX2DEC('Leaf Green Seeds'!K3) - 31 ),65536),4),"") -> A058 | L3: =IFERROR(DEC2HEX(MOD((HEX2DEC('Leaf Green Seeds'!L3) - 23 ),65536),4),"") -> A056 | M3: =IFERROR(DEC2HEX(MOD((HEX2DEC('Leaf Green Seeds'!M3) - 39 ),65536),4),"") -> A090 | N3: =IFERROR(DEC2HEX(MOD((HEX2DEC('Leaf Green Seeds'!N3) - 31 ),65536),4),"") -> A08E | O3: =IFERROR(DEC2HEX(MOD((HEX2DEC('Leaf Green Seeds'!O3) - 23 ),65536),4),"") -> A095 | P3: =IFERROR(DEC2HEX(MOD((HEX2DEC('Leaf Green Seeds'!P3) - 31 ),65536),4),"") -> A05F | Q3: =IFERROR(DEC2HEX(MOD((HEX2DEC('Leaf Green Seeds'!Q3) - 31 ),65536),4),"") -> A094
A4: 2 | B4: 33768 | C4: 34764 | D4: =IFERROR(DEC2HEX(MOD((HEX2DEC('Leaf Green Seeds'!D4) - 39 ),65536),4),"") -> ECA8 | E4: =IFERROR(DEC2HEX(MOD((HEX2DEC('Leaf Green Seeds'!E4) - 31 ),65536),4),"") -> ECA5 | F4: =IFERROR(DEC2HEX(MOD((HEX2DEC('Leaf Green Seeds'!F4) - 23 ),65536),4),"") -> ECAF | G4: =IFERROR(DEC2HEX(MOD((HEX2DEC('Leaf Green Seeds'!G4) - 39 ),65536),4),"") -> EC9E | H4: =IFERROR(DEC2HEX(MOD((HEX2DEC('Leaf Green Seeds'!H4) - 31 ),65536),4),"") -> EC9D | I4: =IFERROR(DEC2HEX(MOD((HEX2DEC('Leaf Green Seeds'!I4) - 23 ),65536),4),"") -> ECA6 | J4: =IFERROR(DEC2HEX(MOD((HEX2DEC('Leaf Green Seeds'!J4) - 39 ),65536),4),"") -> EC96 | K4: =IFERROR(DEC2HEX(MOD((HEX2DEC('Leaf Green Seeds'!K4) - 31 ),65536),4),"") -> EC95 | L4: =IFERROR(DEC2HEX(MOD((HEX2DEC('Leaf Green Seeds'!L4) - 23 ),65536),4),"") -> EC9E | M4: =IFERROR(DEC2HEX(MOD((HEX2DEC('Leaf Green Seeds'!M4) - 39 ),65536),4),"") -> EC9F | N4: =IFERROR(DEC2HEX(MOD((HEX2DEC('Leaf Green Seeds'!N4) - 31 ),65536),4),"") -> ECA0 | O4: =IFERROR(DEC2HEX(MOD((HEX2DEC('Leaf Green Seeds'!O4) - 23 ),65536),4),"") -> EC9E | P4: =IFERROR(DEC2HEX(MOD((HEX2DEC('Leaf Green Seeds'!P4) - 31 ),65536),4),"") -> EC9D | Q4: =IFERROR(DEC2HEX(MOD((HEX2DEC('Leaf Green Seeds'!Q4) - 31 ),65536),4),"") -> ECA3
A5: 3 | B5: 33784 | C5: 34780 | D5: =IFERROR(DEC2HEX(MOD((HEX2DEC('Leaf Green Seeds'!D5) - 39 ),65536),4),"") -> 368E | E5: =IFERROR(DEC2HEX(MOD((HEX2DEC('Leaf Green Seeds'!E5) - 31 ),65536),4),"") -> 3688 | F5: =IFERROR(DEC2HEX(MOD((HEX2DEC('Leaf Green Seeds'!F5) - 23 ),65536),4),"") -> 3691 | G5: =IFERROR(DEC2HEX(MOD((HEX2DEC('Leaf Green Seeds'!G5) - 39 ),65536),4),"") -> 36A7 | H5: =IFERROR(DEC2HEX(MOD((HEX2DEC('Leaf Green Seeds'!H5) - 31 ),65536),4),"") -> 36B0 | I5: =IFERROR(DEC2HEX(MOD((HEX2DEC('Leaf Green Seeds'!I5) - 23 ),65536),4),"") -> 36B9 | J5: =IFERROR(DEC2HEX(MOD((HEX2DEC('Leaf Green Seeds'!J5) - 39 ),65536),4),"") -> 3686 | K5: =IFERROR(DEC2HEX(MOD((HEX2DEC('Leaf Green Seeds'!K5) - 31 ),65536),4),"") -> 3685 | L5: =IFERROR(DEC2HEX(MOD((HEX2DEC('Leaf Green Seeds'!L5) - 23 ),65536),4),"") -> 3689 | M5: =IFERROR(DEC2HEX(MOD((HEX2DEC('Leaf Green Seeds'!M5) - 39 ),65536),4),"") -> 369F | N5: =IFERROR(DEC2HEX(MOD((HEX2DEC('Leaf Green Seeds'!N5) - 31 ),65536),4),"") -> 36A8 | O5: =IFERROR(DEC2HEX(MOD((HEX2DEC('Leaf Green Seeds'!O5) - 23 ),65536),4),"") -> 36A7 | P5: =IFERROR(DEC2HEX(MOD((HEX2DEC('Leaf Green Seeds'!P5) - 31 ),65536),4),"") -> 368A | Q5: =IFERROR(DEC2HEX(MOD((HEX2DEC('Leaf Green Seeds'!Q5) - 31 ),65536),4),"") -> 36A3
A6: 4 | B6: 33808 | C6: 34804 | D6: =IFERROR(DEC2HEX(MOD((HEX2DEC('Leaf Green Seeds'!D6) - 39 ),65536),4),"") -> 7F1C | E6: =IFERROR(DEC2HEX(MOD((HEX2DEC('Leaf Green Seeds'!E6) - 31 ),65536),4),"") -> 7F23 | F6: =IFERROR(DEC2HEX(MOD((HEX2DEC('Leaf Green Seeds'!F6) - 23 ),65536),4),"") -> 7F2D | G6: =IFERROR(DEC2HEX(MOD((HEX2DEC('Leaf Green Seeds'!G6) - 39 ),65536),4),"") -> 7F1C | H6: =IFERROR(DEC2HEX(MOD((HEX2DEC('Leaf Green Seeds'!H6) - 31 ),65536),4),"") -> 7F23 | I6: =IFERROR(DEC2HEX(MOD((HEX2DEC('Leaf Green Seeds'!I6) - 23 ),65536),4),"") -> 7F2D | J6: =IFERROR(DEC2HEX(MOD((HEX2DEC('Leaf Green Seeds'!J6) - 39 ),65536),4),"") -> 7F1D | K6: =IFERROR(DEC2HEX(MOD((HEX2DEC('Leaf Green Seeds'!K6) - 31 ),65536),4),"") -> 7F1B | L6: =IFERROR(DEC2HEX(MOD((HEX2DEC('Leaf Green Seeds'!L6) - 23 ),65536),4),"") -> 7F25 | M6: =IFERROR(DEC2HEX(MOD((HEX2DEC('Leaf Green Seeds'!M6) - 39 ),65536),4),"") -> 7F1D | N6: =IFERROR(DEC2HEX(MOD((HEX2DEC('Leaf Green Seeds'!N6) - 31 ),65536),4),"") -> 7F1B | O6: =IFERROR(DEC2HEX(MOD((HEX2DEC('Leaf Green Seeds'!O6) - 23 ),65536),4),"") -> 7F1C | P6: =IFERROR(DEC2HEX(MOD((HEX2DEC('Leaf Green Seeds'!P6) - 31 ),65536),4),"") -> 7F18 | Q6: =IFERROR(DEC2HEX(MOD((HEX2DEC('Leaf Green Seeds'!Q6) - 31 ),65536),4),"") -> 7F21
A7: 5 | B7: 33824 | C7: 34820 | D7: =IFERROR(DEC2HEX(MOD((HEX2DEC('Leaf Green Seeds'!D7) - 39 ),65536),4),"") -> C911 | E7: =IFERROR(DEC2HEX(MOD((HEX2DEC('Leaf Green Seeds'!E7) - 31 ),65536),4),"") -> C90D | F7: =IFERROR(DEC2HEX(MOD((HEX2DEC('Leaf Green Seeds'!F7) - 23 ),65536),4),"") -> C918 | G7: =IFERROR(DEC2HEX(MOD((HEX2DEC('Leaf Green Seeds'!G7) - 39 ),65536),4),"") -> C934 | H7: =IFERROR(DEC2HEX(MOD((HEX2DEC('Leaf Green Seeds'!H7) - 31 ),65536),4),"") -> C925 | I7: =IFERROR(DEC2HEX(MOD((HEX2DEC('Leaf Green Seeds'!I7) - 23 ),65536),4),"") -> C93A | J7: =IFERROR(DEC2HEX(MOD((HEX2DEC('Leaf Green Seeds'!J7) - 39 ),65536),4),"") -> C909 | K7: =IFERROR(DEC2HEX(MOD((HEX2DEC('Leaf Green Seeds'!K7) - 31 ),65536),4),"") -> C905 | L7: =IFERROR(DEC2HEX(MOD((HEX2DEC('Leaf Green Seeds'!L7) - 23 ),65536),4),"") -> C909 | M7: =IFERROR(DEC2HEX(MOD((HEX2DEC('Leaf Green Seeds'!M7) - 39 ),65536),4),"") -> C928 | N7: =IFERROR(DEC2HEX(MOD((HEX2DEC('Leaf Green Seeds'!N7) - 31 ),65536),4),"") -> C91D | O7: =IFERROR(DEC2HEX(MOD((HEX2DEC('Leaf Green Seeds'!O7) - 23 ),65536),4),"") -> C926 | P7: =IFERROR(DEC2HEX(MOD((HEX2DEC('Leaf Green Seeds'!P7) - 31 ),65536),4),"") -> C90A | Q7: =IFERROR(DEC2HEX(MOD((HEX2DEC('Leaf Green Seeds'!Q7) - 31 ),65536),4),"") -> C92C
A8: 6 | B8: 33840 | C8: 34836 | D8: =IFERROR(DEC2HEX(MOD((HEX2DEC('Leaf Green Seeds'!D8) - 39 ),65536),4),"") -> 1190 | E8: =IFERROR(DEC2HEX(MOD((HEX2DEC('Leaf Green Seeds'!E8) - 31 ),65536),4),"") -> 1196 | F8: =IFERROR(DEC2HEX(MOD((HEX2DEC('Leaf Green Seeds'!F8) - 23 ),65536),4),"") -> 1198 | G8: =IFERROR(DEC2HEX(MOD((HEX2DEC('Leaf Green Seeds'!G8) - 39 ),65536),4),"") -> 1190 | H8: =IFERROR(DEC2HEX(MOD((HEX2DEC('Leaf Green Seeds'!H8) - 31 ),65536),4),"") -> 118D | I8: =IFERROR(DEC2HEX(MOD((HEX2DEC('Leaf Green Seeds'!I8) - 23 ),65536),4),"") -> 1198 | J8: =IFERROR(DEC2HEX(MOD((HEX2DEC('Leaf Green Seeds'!J8) - 39 ),65536),4),"") -> 1193 | K8: =IFERROR(DEC2HEX(MOD((HEX2DEC('Leaf Green Seeds'!K8) - 31 ),65536),4),"") -> 1185 | L8: =IFERROR(DEC2HEX(MOD((HEX2DEC('Leaf Green Seeds'!L8) - 23 ),65536),4),"") -> 119B | M8: =IFERROR(DEC2HEX(MOD((HEX2DEC('Leaf Green Seeds'!M8) - 39 ),65536),4),"") -> 1187 | N8: =IFERROR(DEC2HEX(MOD((HEX2DEC('Leaf Green Seeds'!N8) - 31 ),65536),4),"") -> 118E | O8: =IFERROR(DEC2HEX(MOD((HEX2DEC('Leaf Green Seeds'!O8) - 23 ),65536),4),"") -> 118F | P8: =IFERROR(DEC2HEX(MOD((HEX2DEC('Leaf Green Seeds'!P8) - 31 ),65536),4),"") -> 118A | Q8: =IFERROR(DEC2HEX(MOD((HEX2DEC('Leaf Green Seeds'!Q8) - 31 ),65536),4),"") -> 1198
A9: 7 | B9: 33856 | C9: 34852 | D9: =IFERROR(DEC2HEX(MOD((HEX2DEC('Leaf Green Seeds'!D9) - 39 ),65536),4),"") -> 3FA5 | E9: =IFERROR(DEC2HEX(MOD((HEX2DEC('Leaf Green Seeds'!E9) - 31 ),65536),4),"") -> 3FA3 | F9: =IFERROR(DEC2HEX(MOD((HEX2DEC('Leaf Green Seeds'!F9) - 23 ),65536),4),"") -> 3FAD | G9: =IFERROR(DEC2HEX(MOD((HEX2DEC('Leaf Green Seeds'!G9) - 39 ),65536),4),"") -> 3FC3 | H9: =IFERROR(DEC2HEX(MOD((HEX2DEC('Leaf Green Seeds'!H9) - 31 ),65536),4),"") -> 3FC2 | I9: =IFERROR(DEC2HEX(MOD((HEX2DEC('Leaf Green Seeds'!I9) - 23 ),65536),4),"") -> 3FCB | J9: =IFERROR(DEC2HEX(MOD((HEX2DEC('Leaf Green Seeds'!J9) - 39 ),65536),4),"") -> 3F91 | K9: =IFERROR(DEC2HEX(MOD((HEX2DEC('Leaf Green Seeds'!K9) - 31 ),65536),4),"") -> 3F90 | L9: =IFERROR(DEC2HEX(MOD((HEX2DEC('Leaf Green Seeds'!L9) - 23 ),65536),4),"") -> 3FA4 | M9: =IFERROR(DEC2HEX(MOD((HEX2DEC('Leaf Green Seeds'!M9) - 39 ),65536),4),"") -> 3FB0 | N9: =IFERROR(DEC2HEX(MOD((HEX2DEC('Leaf Green Seeds'!N9) - 31 ),65536),4),"") -> 3FBA | O9: =IFERROR(DEC2HEX(MOD((HEX2DEC('Leaf Green Seeds'!O9) - 23 ),65536),4),"") -> 3FC2 | P9: =IFERROR(DEC2HEX(MOD((HEX2DEC('Leaf Green Seeds'!P9) - 31 ),65536),4),"") -> 3FA0 | Q9: =IFERROR(DEC2HEX(MOD((HEX2DEC('Leaf Green Seeds'!Q9) - 31 ),65536),4),"") -> 3FBE
A10: 8 | B10: 33872 | C10: 34868 | D10: =IFERROR(DEC2HEX(MOD((HEX2DEC('Leaf Green Seeds'!D10) - 39 ),65536),4),"") -> 96B7 | E10: =IFERROR(DEC2HEX(MOD((HEX2DEC('Leaf Green Seeds'!E10) - 31 ),65536),4),"") -> 96B6 | F10: =IFERROR(DEC2HEX(MOD((HEX2DEC('Leaf Green Seeds'!F10) - 23 ),65536),4),"") -> 96C7 | G10: =IFERROR(DEC2HEX(MOD((HEX2DEC('Leaf Green Seeds'!G10) - 39 ),65536),4),"") -> 96DD | H10: =IFERROR(DEC2HEX(MOD((HEX2DEC('Leaf Green Seeds'!H10) - 31 ),65536),4),"") -> 96DF | I10: =IFERROR(DEC2HEX(MOD((HEX2DEC('Leaf Green Seeds'!I10) - 23 ),65536),4),"") -> 96E5 | J10: =IFERROR(DEC2HEX(MOD((HEX2DEC('Leaf Green Seeds'!J10) - 39 ),65536),4),"") -> 96B7 | K10: =IFERROR(DEC2HEX(MOD((HEX2DEC('Leaf Green Seeds'!K10) - 31 ),65536),4),"") -> 96B8 | L10: =IFERROR(DEC2HEX(MOD((HEX2DEC('Leaf Green Seeds'!L10) - 23 ),65536),4),"") -> 96C2 | M10: =IFERROR(DEC2HEX(MOD((HEX2DEC('Leaf Green Seeds'!M10) - 39 ),65536),4),"") -> 96CD | N10: =IFERROR(DEC2HEX(MOD((HEX2DEC('Leaf Green Seeds'!N10) - 31 ),65536),4),"") -> 96D4 | O10: =IFERROR(DEC2HEX(MOD((HEX2DEC('Leaf Green Seeds'!O10) - 23 ),65536),4),"") -> 96E0 | P10: =IFERROR(DEC2HEX(MOD((HEX2DEC('Leaf Green Seeds'!P10) - 31 ),65536),4),"") -> 96BD | Q10: =IFERROR(DEC2HEX(MOD((HEX2DEC('Leaf Green Seeds'!Q10) - 31 ),65536),4),"") -> 96D9
A11: 9 | B11: 33888 | C11: 34884 | D11: =IFERROR(DEC2HEX(MOD((HEX2DEC('Leaf Green Seeds'!D11) - 39 ),65536),4),"") -> D4A2 | E11: =IFERROR(DEC2HEX(MOD((HEX2DEC('Leaf Green Seeds'!E11) - 31 ),65536),4),"") -> D4A1 | F11: =IFERROR(DEC2HEX(MOD((HEX2DEC('Leaf Green Seeds'!F11) - 23 ),65536),4),"") -> D4B3 | G11: =IFERROR(DEC2HEX(MOD((HEX2DEC('Leaf Green Seeds'!G11) - 39 ),65536),4),"") -> D4A2 | H11: =IFERROR(DEC2HEX(MOD((HEX2DEC('Leaf Green Seeds'!H11) - 31 ),65536),4),"") -> D4A1 | I11: =IFERROR(DEC2HEX(MOD((HEX2DEC('Leaf Green Seeds'!I11) - 23 ),65536),4),"") -> D4AA | J11: =IFERROR(DEC2HEX(MOD((HEX2DEC('Leaf Green Seeds'!J11) - 39 ),65536),4),"") -> D49A | K11: =IFERROR(DEC2HEX(MOD((HEX2DEC('Leaf Green Seeds'!K11) - 31 ),65536),4),"") -> D4A1 | L11: =IFERROR(DEC2HEX(MOD((HEX2DEC('Leaf Green Seeds'!L11) - 23 ),65536),4),"") -> D4A2 | M11: =IFERROR(DEC2HEX(MOD((HEX2DEC('Leaf Green Seeds'!M11) - 39 ),65536),4),"") -> D4A2 | N11: =IFERROR(DEC2HEX(MOD((HEX2DEC('Leaf Green Seeds'!N11) - 31 ),65536),4),"") -> D499 | O11: =IFERROR(DEC2HEX(MOD((HEX2DEC('Leaf Green Seeds'!O11) - 23 ),65536),4),"") -> D4A2 | P11: =IFERROR(DEC2HEX(MOD((HEX2DEC('Leaf Green Seeds'!P11) - 31 ),65536),4),"") -> D49E | Q11: =IFERROR(DEC2HEX(MOD((HEX2DEC('Leaf Green Seeds'!Q11) - 31 ),65536),4),"") -> D49E
A12: 10 | B12: 33904 | C12: 34900 | D12: =IFERROR(DEC2HEX(MOD((HEX2DEC('Leaf Green Seeds'!D12) - 39 ),65536),4),"") -> 1E6F | E12: =IFERROR(DEC2HEX(MOD((HEX2DEC('Leaf Green Seeds'!E12) - 31 ),65536),4),"") -> 1E6E | F12: =IFERROR(DEC2HEX(MOD((HEX2DEC('Leaf Green Seeds'!F12) - 23 ),65536),4),"") -> 1E81 | G12: =IFERROR(DEC2HEX(MOD((HEX2DEC('Leaf Green Seeds'!G12) - 39 ),65536),4),"") -> 1E8E | H12: =IFERROR(DEC2HEX(MOD((HEX2DEC('Leaf Green Seeds'!H12) - 31 ),65536),4),"") -> 1E8D | I12: =IFERROR(DEC2HEX(MOD((HEX2DEC('Leaf Green Seeds'!I12) - 23 ),65536),4),"") -> 1E9F | J12: =IFERROR(DEC2HEX(MOD((HEX2DEC('Leaf Green Seeds'!J12) - 39 ),65536),4),"") -> 1E67 | K12: =IFERROR(DEC2HEX(MOD((HEX2DEC('Leaf Green Seeds'!K12) - 31 ),65536),4),"") -> 1E66 | L12: =IFERROR(DEC2HEX(MOD((HEX2DEC('Leaf Green Seeds'!L12) - 23 ),65536),4),"") -> 1E79 | M12: =IFERROR(DEC2HEX(MOD((HEX2DEC('Leaf Green Seeds'!M12) - 39 ),65536),4),"") -> 1E8F | N12: =IFERROR(DEC2HEX(MOD((HEX2DEC('Leaf Green Seeds'!N12) - 31 ),65536),4),"") -> 1E85 | O12: =IFERROR(DEC2HEX(MOD((HEX2DEC('Leaf Green Seeds'!O12) - 23 ),65536),4),"") -> 1E97 | P12: =IFERROR(DEC2HEX(MOD((HEX2DEC('Leaf Green Seeds'!P12) - 31 ),65536),4),"") -> 1E75 | Q12: =IFERROR(DEC2HEX(MOD((HEX2DEC('Leaf Green Seeds'!Q12) - 31 ),65536),4),"") -> 1E8A
A13: 11 | B13: 33920 | C13: 34916 | D13: =IFERROR(DEC2HEX(MOD((HEX2DEC('Leaf Green Seeds'!D13) - 39 ),65536),4),"") -> 921C | E13: =IFERROR(DEC2HEX(MOD((HEX2DEC('Leaf Green Seeds'!E13) - 31 ),65536),4),"") -> 9213 | F13: =IFERROR(DEC2HEX(MOD((HEX2DEC('Leaf Green Seeds'!F13) - 23 ),65536),4),"") -> 9226 | G13: =IFERROR(DEC2HEX(MOD((HEX2DEC('Leaf Green Seeds'!G13) - 39 ),65536),4),"") -> 921C | H13: =IFERROR(DEC2HEX(MOD((HEX2DEC('Leaf Green Seeds'!H13) - 31 ),65536),4),"") -> 921B | I13: =IFERROR(DEC2HEX(MOD((HEX2DEC('Leaf Green Seeds'!I13) - 23 ),65536),4),"") -> 9224 | J13: =IFERROR(DEC2HEX(MOD((HEX2DEC('Leaf Green Seeds'!J13) - 39 ),65536),4),"") -> 920C | K13: =IFERROR(DEC2HEX(MOD((HEX2DEC('Leaf Green Seeds'!K13) - 31 ),65536),4),"") -> 9213 | L13: =IFERROR(DEC2HEX(MOD((HEX2DEC('Leaf Green Seeds'!L13) - 23 ),65536),4),"") -> 9214 | M13: =IFERROR(DEC2HEX(MOD((HEX2DEC('Leaf Green Seeds'!M13) - 39 ),65536),4),"") -> 9214 | N13: =IFERROR(DEC2HEX(MOD((HEX2DEC('Leaf Green Seeds'!N13) - 31 ),65536),4),"") -> 920B | O13: =IFERROR(DEC2HEX(MOD((HEX2DEC('Leaf Green Seeds'!O13) - 23 ),65536),4),"") -> 9214 | P13: =IFERROR(DEC2HEX(MOD((HEX2DEC('Leaf Green Seeds'!P13) - 31 ),65536),4),"") -> 9210 | Q13: =IFERROR(DEC2HEX(MOD((HEX2DEC('Leaf Green Seeds'!Q13) - 31 ),65536),4),"") -> 9210
A14: 12 | B14: 33936 | C14: 34932 | D14: =IFERROR(DEC2HEX(MOD((HEX2DEC('Leaf Green Seeds'!D14) - 39 ),65536),4),"") -> CEED | E14: =IFERROR(DEC2HEX(MOD((HEX2DEC('Leaf Green Seeds'!E14) - 31 ),65536),4),"") -> CEE5 | F14: =IFERROR(DEC2HEX(MOD((HEX2DEC('Leaf Green Seeds'!F14) - 23 ),65536),4),"") -> CEEE | G14: =IFERROR(DEC2HEX(MOD((HEX2DEC('Leaf Green Seeds'!G14) - 39 ),65536),4),"") -> CF09 | H14: =IFERROR(DEC2HEX(MOD((HEX2DEC('Leaf Green Seeds'!H14) - 31 ),65536),4),"") -> CEFC | I14: =IFERROR(DEC2HEX(MOD((HEX2DEC('Leaf Green Seeds'!I14) - 23 ),65536),4),"") -> CF05 | J14: =IFERROR(DEC2HEX(MOD((HEX2DEC('Leaf Green Seeds'!J14) - 39 ),65536),4),"") -> CEE7 | K14: =IFERROR(DEC2HEX(MOD((HEX2DEC('Leaf Green Seeds'!K14) - 31 ),65536),4),"") -> CEDD | L14: =IFERROR(DEC2HEX(MOD((HEX2DEC('Leaf Green Seeds'!L14) - 23 ),65536),4),"") -> CEF0 | M14: =IFERROR(DEC2HEX(MOD((HEX2DEC('Leaf Green Seeds'!M14) - 39 ),65536),4),"") -> CF00 | N14: =IFERROR(DEC2HEX(MOD((HEX2DEC('Leaf Green Seeds'!N14) - 31 ),65536),4),"") -> CEFC | O14: =IFERROR(DEC2HEX(MOD((HEX2DEC('Leaf Green Seeds'!O14) - 23 ),65536),4),"") -> CF05 | P14: =IFERROR(DEC2HEX(MOD((HEX2DEC('Leaf Green Seeds'!P14) - 31 ),65536),4),"") -> CEE2 | Q14: =IFERROR(DEC2HEX(MOD((HEX2DEC('Leaf Green Seeds'!Q14) - 31 ),65536),4),"") -> CEF9
... A2440: 2438 | B2440: 74638 | C2440: 75632 | D2440: =IFERROR(DEC2HEX(MOD((HEX2DEC('Leaf Green Seeds'!D2440) - 39 ),65536),4),"") -> BC83 | E2440: =IFERROR(DEC2HEX(MOD((HEX2DEC('Leaf Green Seeds'!E2440) - 31 ),65536),4),"") -> BC83 | F2440: =IFERROR(DEC2HEX(MOD((HEX2DEC('Leaf Green Seeds'!F2440) - 23 ),65536),4),"") -> BC8B | G2440: =IFERROR(DEC2HEX(MOD((HEX2DEC('Leaf Green Seeds'!G2440) - 39 ),65536),4),"") -> BCA0 | H2440: =IFERROR(DEC2HEX(MOD((HEX2DEC('Leaf Green Seeds'!H2440) - 31 ),65536),4),"") -> BC9F | I2440: =IFERROR(DEC2HEX(MOD((HEX2DEC('Leaf Green Seeds'!I2440) - 23 ),65536),4),"") -> BCA1 | J2440: =IFERROR(DEC2HEX(MOD((HEX2DEC('Leaf Green Seeds'!J2440) - 39 ),65536),4),"") | K2440: =IFERROR(DEC2HEX(MOD((HEX2DEC('Leaf Green Seeds'!K2440) - 31 ),65536),4),"") | L2440: =IFERROR(DEC2HEX(MOD((HEX2DEC('Leaf Green Seeds'!L2440) - 23 ),65536),4),"") | M2440: =IFERROR(DEC2HEX(MOD((HEX2DEC('Leaf Green Seeds'!M2440) - 39 ),65536),4),"") | N2440: =IFERROR(DEC2HEX(MOD((HEX2DEC('Leaf Green Seeds'!N2440) - 31 ),65536),4),"") | O2440: =IFERROR(DEC2HEX(MOD((HEX2DEC('Leaf Green Seeds'!O2440) - 23 ),65536),4),"") -> BCA3 | P2440: =IFERROR(DEC2HEX(MOD((HEX2DEC('Leaf Green Seeds'!P2440) - 31 ),65536),4),"") -> BC76 | Q2440: =IFERROR(DEC2HEX(MOD((HEX2DEC('Leaf Green Seeds'!Q2440) - 31 ),65536),4),"") -> BC95

Sheet Useful Seeds Old
A1: List of seeds that can be found in this document with useful spreads (all less than 60,000 advances)
A2: If you find more useful combinations, use the comment function here or send a Discord message to Mucks#1222
A3: Full 32-bit Seed | B3: Seed | C3: Advances | D3: Settings | E3: Held Button | F3: Description | G3: Method
A4: 9C3F9891 | B4: 16a3 | C4: 42814 | D4: MONO/L=A | E4: Yes | F4: 5 IV Bold | G4: Method 1 | I4: * There is no 6*31 IV spread for this nature so there might be some 30 IVs
A5: E0A45758 | B5: 19d2 | C5: 57390 | D5: STEREO/L=A | E5: Yes | F5: 5 IV Calm | G5: Method 1
A6: 86BCEDEA | B6: b1a2 | C6: 21512 | D6: MONO/L=A | E6: Yes | F6: 5 IV Careful | G6: Method 1
A7: 03558E51 | B7: 1bff | C7: 41490 | D7: STEREO/L=A | E7: None | F7: 5 IV Careful | G7: Method 1
A8: BC1E724E | B8: 91a8 | C8: 35774 | D8: MONO/HELP | E8: None | F8: 5 IV Impish | G8: Method 1
A9: 95B50B03 | B9: 765d | C9: 26150 | D9: MONO/LR | E9: Yes | F9: 5 IV Impish | G9: Method 1 | I9: To check the details of a spread quickly, paste the 32-bit seed into the Generator tab of Pokefinder while choosing the specified method. The first result is the desired spread.
A10: 900B2735 | B10: 087c | C10: 58887 | D10: MONO/L=A | E10: Yes | F10: 5 IV Jolly | G10: Method 1
A11: 9DA678BA | B11: d038 | C11: 42650 | D11: MONO/LR | E11: None | F11: 5 IV Modest | G11: Method 1
A12: 9BA21EDF | B12: 710c | C12: 58257 | D12: STEREO/HELP | E12: Yes | F12: 5 IV Modest | G12: Method 1
A13: 1BA21EDF | B13: 84d0 | C13: 51309 | D13: MONO/HELP | E13: None | F13: 5 IV Timid | G13: Method 1
A14: BFF5F86F | B14: 55da | C14: 25627 | D14: STEREO/HELP | E14: Yes | F14: 6 IV* Hasty | G14: Method 1
A15: F1307D03 | B15: 7b1c | C15: 49429 | D15: STEREO/L=A | E15: None | F15: 6 IV* Hasty | G15: Method 1
A16: CCC0FD4E | B16: 88ed | C16: 25963 | D16: MONO/LR | E16: Yes | F16: 6 IV* Hasty | G16: Method 1
A17: 8BF31F1A | B17: 1377 | C17: 5245 | D17: MONO/L=A | E17: None | F17: 6 IV* Lonely | G17: Method 1
A18: 9BE82FFE | B18: c887 | C18: 9105 | D18: STEREO/L=A | E18: Yes | F18: 6 IV* Lonely | G18: Method 1
A19: 959FFCB8 | B19: cc28 | C19: 6544 | D19: STEREO/LR | E19: Yes | F19: 6 IV* Mild | G19: Method 1
A20: 83558E51 | B20: 02fe | C20: 23385 | D20: MONO/L=A | E20: None | F20: 6 IV* Naive | G20: Method 1
A21: 404243B8 | B21: 7ce5 | C21: 25765 | D21: STEREO/LR | E21: None | F21: 6 IV* Rash | G21: Method 1
... A61: DF3259E5 | B61: 1d31 | C61: 24004 | D61: STEREO/HELP | E61: None | F61: Special Sassy 31 Speed | G61: Method 1

Sheet Useful Seeds
A1: List of seeds that can be found in this document with useful spreads (limit at 60,000 advances)
A2: If you find more useful combinations, use the comment function here or send a Discord message to Mucks#1222
A3: Full 32-bit Seed | B3: Seed | C3: Advances | D3: Settings | E3: Held Button | F3: Slot | G3: Nature | H3: Ability | I3: HP | J3: Atk | K3: Def | L3: SpA | M3: SpD | N3: Spe | O3: HP Type | P3: Power | Q3: Method
A4: 9C3F9891 | B4: 16a3 | C4: 42814 | D4: MONO/L=A | E4: Yes | F4: - | G4: Bold | H4: 0 | I4: 31 | J4: 17 | K4: 31 | L4: 31 | M4: 31 | N4: 31 | O4: Dark | P4: 68 | Q4: Method 1 | R4: Static
A5: E0A45758 | B5: 19d2 | C5: 57390 | D5: STEREO/L=A | E5: Yes | F5: - | G5: Calm | H5: 0 | I5: 31 | J5: 5 | K5: 31 | L5: 31 | M5: 31 | N5: 31 | O5: Dark | P5: 68 | Q5: Method 1 | R5: 5 IV or 6 IV Spreads
A6: 86BCEDEA | B6: b1a2 | C6: 21512 | D6: MONO/L=A | E6: Yes | F6: - | G6: Careful | H6: 0 | I6: 31 | J6: 31 | K6: 31 | L6: 13 | M6: 31 | N6: 31 | O6: Dark | P6: 59 | Q6: Method 1
A7: 03558E51 | B7: 1bff | C7: 41490 | D7: STEREO/L=A | E7: None | F7: - | G7: Careful | H7: 0 | I7: 31 | J7: 31 | K7: 31 | L7: 30 | M7: 31 | N7: 31 | O7: Electric | P7: 70 | Q7: Method 1
A8: BC1E724E | B8: 91a8 | C8: 35774 | D8: MONO/HELP | E8: None | F8: - | G8: Impish | H8: 0 | I8: 31 | J8: 31 | K8: 31 | L8: 1 | M8: 31 | N8: 31 | O8: Dark | P8: 59 | Q8: Method 1
A9: 95B50B03 | B9: 765d | C9: 26150 | D9: MONO/LR | E9: Yes | F9: - | G9: Impish | H9: 0 | I9: 31 | J9: 31 | K9: 31 | L9: 25 | M9: 31 | N9: 31 | O9: Dark | P9: 59 | Q9: Method 1
A10: 900B2735 | B10: 087c | C10: 58887 | D10: MONO/L=A | E10: Yes | F10: - | G10: Jolly | H10: 0 | I10: 31 | J10: 31 | K10: 31 | L10: 0 | M10: 31 | N10: 31 | O10: Electric | P10: 59 | Q10: Method 1
A11: 9DA678BA | B11: d038 | C11: 42650 | D11: MONO/LR | E11: None | F11: - | G11: Modest | H11: 0 | I11: 31 | J11: 4 | K11: 31 | L11: 31 | M11: 31 | N11: 31 | O11: Dragon | P11: 68 | Q11: Method 1
A12: 9BA21EDF | B12: 710c | C12: 58257 | D12: STEREO/HELP | E12: Yes | F12: - | G12: Modest | H12: 1 | I12: 31 | J12: 12 | K12: 31 | L12: 31 | M12: 31 | N12: 31 | O12: Dragon | P12: 68 | Q12: Method 1
A13: 1BA21EDF | B13: 84d0 | C13: 51309 | D13: MONO/HELP | E13: None | F13: - | G13: Timid | H13: 1 | I13: 31 | J13: 12 | K13: 31 | L13: 31 | M13: 31 | N13: 31 | O13: Dragon | P13: 68 | Q13: Method 1
A14: CFEB0953 | B14: 7962 | C14: 52775 | D14: MONO/L=A | E14: Yes | F14: - | G14: Hasty | H14: 0 | I14: 30 | J14: 31 | K14: 30 | L14: 30 | M14: 30 | N14: 30 | O14: Fighting | P14: 70 | Q14: Method 1
A15: BFF5F86F | B15: 55da | C15: 25627 | D15: STEREO/HELP | E15: Yes | F15: - | G15: Hasty | H15: 0 | I15: 30 | J15: 31 | K15: 30 | L15: 30 | M15: 30 | N15: 31 | O15: Poison | P15: 70 | Q15: Method 1
A16: F1307D03 | B16: 7b1c | C16: 49429 | D16: STEREO/L=A | E16: None | F16: - | G16: Hasty | H16: 0 | I16: 30 | J16: 31 | K16: 31 | L16: 31 | M16: 30 | N16: 31 | O16: Steel | P16: 70 | Q16: Method 1
A17: 9D08FF08 | B17: a14a | C17: 4134 | D17: STEREO/LR | E17: None | F17: - | G17: Hasty | H17: 1 | I17: 31 | J17: 31 | K17: 30 | L17: 31 | M17: 31 | N17: 30 | O17: Psychic | P17: 70 | Q17: Method 1
... A29: 624AE3B5 | B29: d74f | C29: 35894 | D29: MONO/LR | E29: None | F29: - | G29: Rash | H29: 0 | I29: 30 | J29: 31 | K29: 31 | L29: 30 | M29: 30 | N29: 30 | O29: Flying | P29: 70 | Q29: Method 1
A30: 2FA2E71E | B30: 975f | C30: 46329 | D30: MONO/LR | E30: None | F30: - | G30: Adamant | H30: 1 | I30: 30 | J30: 31 | K30: 30 | L30: 22 | M30: 30 | N30: 30 | O30: Fighting | P30: 70 | Q30: Method 1 | R30: Hidden Power Spreads
A31: 3D64C932 | B31: 6cb1 | C31: 31675 | D31: MONO/L=A | E31: Yes | F31: - | G31: Jolly | H31: 1 | I31: 30 | J31: 30 | K31: 30 | L31: 2 | M31: 30 | N31: 30 | O31: Fighting | P31: 70 | Q31: Method 1
A32: CFEB0953 | B32: 7962 | C32: 52775 | D32: MONO/L=A | E32: Yes | F32: - | G32: Hasty | H32: 0 | I32: 30 | J32: 31 | K32: 30 | L32: 30 | M32: 30 | N32: 30 | O32: Fighting | P32: 70 | Q32: Method 1
A33: 692EB132 | B33: 6be5 | C33: 19831 | D33: MONO/LR | E33: Yes | F33: - | G33: Adamant | H33: 1 | I33: 31 | J33: 31 | K33: 31 | L33: 22 | M33: 30 | N33: 30 | O33: Flying | P33: 70 | Q33: Method 1
A34: 9D1F8F2D | B34: 9d3d | C34: 53040 | D34: MONO/LR | E34: Yes | F34: - | G34: Careful | H34: 0 | I34: 31 | J34: 30 | K34: 31 | L34: 14 | M34: 30 | N34: 30 | O34: Flying | P34: 70 | Q34: Method 1
A35: 88B44B00 | B35: 367b | C35: 18903 | D35: MONO/L=A | E35: None | F35: - | G35: Impish | H35: 0 | I35: 30 | J35: 31 | K35: 31 | L35: 6 | M35: 30 | N35: 30 | O35: Flying | P35: 70 | Q35: Method 1
A36: EDFFFCB8 | B36: 2186 | C36: 28762 | D36: STEREO/L=A | E36: None | F36: - | G36: Jolly | H36: 1 | I36: 30 | J36: 30 | K36: 30 | L36: 18 | M36: 30 | N36: 31 | O36: Flying | P36: 70 | Q36: Method 1
A37: 17AC6819 | B37: 931c | C37: 347 | D37: MONO/HELP | E37: None | F37: - | G37: Jolly | H37: 0 | I37: 30 | J37: 31 | K37: 31 | L37: 18 | M37: 30 | N37: 30 | O37: Flying | P37: 70 | Q37: Method 1
A38: 624AE3B5 | B38: d74f | C38: 35894 | D38: MONO/LR | E38: None | F38: - | G38: Rash | H38: 0 | I38: 30 | J38: 31 | K38: 31 | L38: 30 | M38: 30 | N38: 30 | O38: Flying | P38: 70 | Q38: Method 1
A39: 0C2D8A7E | B39: 5aa6 | C39: 10904 | D39: MONO/L=A | E39: None | F39: - | G39: Adamant | H39: 0 | I39: 30 | J39: 30 | K39: 31 | L39: 26 | M39: 30 | N39: 31 | O39: Poison | P39: 70 | Q39: Method 1
A40: 71301F53 | B40: 6d5c | C40: 40805 | D40: MONO/L=A | E40: Yes | F40: - | G40: Careful | H40: 1 | I40: 31 | J40: 31 | K40: 30 | L40: 26 | M40: 30 | N40: 31 | O40: Poison | P40: 70 | Q40: Method 1
A41: BFF5F86F | B41: 55da | C41: 25627 | D41: STEREO/HELP | E41: Yes | F41: - | G41: Hasty | H41: 0 | I41: 30 | J41: 31 | K41: 30 | L41: 30 | M41: 30 | N41: 31 | O41: Poison | P41: 70 | Q41: Method 1
A42: FB8AA1CE | B42: f6d4 | C42: 9714 | D42: STEREO/LR | E42: None | F42: - | G42: Adamant | H42: 0 | I42: 30 | J42: 30 | K42: 30 | L42: 23 | M42: 30 | N42: 30 | O42: Ground | P42: 70 | Q42: Method 1
... A113: 4F7F705A | B113: ce16 | C113: 8452 | D113: STEREO/L=A | E113: None | F113: - | G113: Calm | H113: 0 | I113: 31 | J113: 15 | K113: 30 | L113: 31 | M113: 31 | N113: 31 | O113: Dragon | P113: 70 | Q113: Method 1
A114: DE238635 | B114: 4829 | C114: 14652 | D114: STEREO/L=A | E114: None | F114: - | G114: Brave | H114: 0 | I114: 31 | J114: 31 | K114: 31 | L114: 6 | M114: 31 | N114: 31 | O114: Electric | P114: 70 | Q114: Method 1 | R114: Minus Speed Nature Spreads
A115: 0D5141B8 | B115: b5e2 | C115: 14846 | D115: MONO/HELP | E115: Yes | F115: - | G115: Brave | H115: 1 | I115: 31 | J115: 31 | K115: 31 | L115: 16 | M115: 31 | N115: 0 | O115: Water | P115: 54 | Q115: Method 1
A116: 6A4F3A06 | B116: 1b09 | C116: 6807 | D116: MONO/LR | E116: Yes | F116: - | G116: Brave | H116: 1 | I116: 31 | J116: 31 | K116: 31 | L116: 23 | M116: 31 | N116: 0 | O116: Ice | P116: 64 | Q116: Method 1
A117: 58A44041 | B117: 8387 | C117: 34586 | D117: STEREO/L=A | E117: Yes | F117: - | G117: Quiet | H117: 1 | I117: 31 | J117: 11 | K117: 31 | L117: 31 | M117: 31 | N117: 31 | O117: Dark | P117: 70 | Q117: Method 1
A118: 3FD07095 | B118: 215a | C118: 42641 | D118: STEREO/HELP | E118: Yes | F118: - | G118: Quiet | H118: 1 | I118: 31 | J118: 1 | K118: 31 | L118: 31 | M118: 31 | N118: 0 | O118: Ice | P118: 63 | Q118: Method 1
A119: 7A30BE6A | B119: 27e7 | C119: 52253 | D119: MONO/HELP | E119: Yes | F119: - | G119: Quiet | H119: 1 | I119: 31 | J119: 3 | K119: 31 | L119: 31 | M119: 31 | N119: 0 | O119: Ice | P119: 64 | Q119: Method 1
A120: 49599DB5 | B120: 03a1 | C120: 25764 | D120: STEREO/L=A | E120: None | F120: - | G120: Relaxed | H120: 1 | I120: 31 | J120: 31 | K120: 31 | L120: 16 | M120: 31 | N120: 31 | O120: Electric | P120: 59 | Q120: Method 1
A121: 84FFFC38 | B121: 9574 | C121: 37796 | D121: MONO/HELP | E121: Yes | F121: - | G121: Relaxed | H121: 1 | I121: 31 | J121: 31 | K121: 31 | L121: 17 | M121: 31 | N121: 0 | O121: Ice | P121: 54 | Q121: Method 1
A122: 8C544DED | B122: 8ea3 | C122: 41482 | D122: MONO/HELP | E122: None | F122: - | G122: Relaxed | H122: 1 | I122: 31 | J122: 31 | K122: 31 | L122: 28 | M122: 31 | N122: 0 | O122: Water | P122: 54 | Q122: Method 1
A123: 100B2735 | B123: 4abb | C123: 24506 | D123: MONO/HELP | E123: None | F123: - | G123: Sassy | H123: 0 | I123: 31 | J123: 31 | K123: 31 | L123: 0 | M123: 31 | N123: 31 | O123: Electric | P123: 59 | Q123: Method 1
A124: CBC40983 | B124: de95 | C124: 46158 | D124: MONO/HELP | E124: Yes | F124: - | G124: Sassy | H124: 0 | I124: 31 | J124: 31 | K124: 31 | L124: 11 | M124: 31 | N124: 31 | O124: Dark | P124: 70 | Q124: Method 1
A125: 13F81951 | B125: 0364 | C125: 16747 | D125: MONO/LR | E125: Yes | F125: - | G125: Sassy | H125: 1 | I125: 31 | J125: 31 | K125: 31 | L125: 28 | M125: 31 | N125: 31 | O125: Electric | P125: 59 | Q125: Method 1
A126: 13F81951 | B126: 5024 | C126: 33963 | D126: MONO/LR | E126: None | F126: - | G126: Sassy | H126: 1 | I126: 31 | J126: 31 | K126: 31 | L126: 28 | M126: 31 | N126: 31 | O126: Electric | P126: 59 | Q126: Method 1
... A130: DF3259E5 | B130: 1d31 | C130: 24004 | D130: STEREO/HELP | E130: None | F130: - | G130: Sassy | H130: 0 | I130: 31 | J130: 30 | K130: 31 | L130: 31 | M130: 31 | N130: 31 | O130: Dragon | P130: 70 | Q130: Method 1
A131: 6BA38119 | B131: 16a3 | C131: 42790 | D131: MONO/L=A | E131: Yes | F131: 2 | G131: Bold | H131: 0 | I131: 31 | J131: 17 | K131: 31 | L131: 31 | M131: 31 | N131: 31 | O131: Dark | P131: 68 | Q131: Method H1 | R131: Wild
A132: FDB569E5 | B132: 16a3 | C132: 42786 | D132: MONO/L=A | E132: Yes | F132: 6 | G132: Bold | H132: 0 | I132: 31 | J132: 17 | K132: 31 | L132: 31 | M132: 31 | N132: 31 | O132: Dark | P132: 68 | Q132: Method H1 | R132: 5 IV or 6 IV Spreads
A133: 7EC612CA | B133: b1a2 | C133: 21480 | D133: MONO/L=A | E133: Yes | F133: 0 | G133: Careful | H133: 0 | I133: 31 | J133: 31 | K133: 31 | L133: 13 | M133: 31 | N133: 31 | O133: Dark | P133: 59 | Q133: Method H1
A134: 0026BAAC | B134: b1a2 | C134: 21458 | D134: MONO/L=A | E134: Yes | F134: 5 | G134: Careful | H134: 0 | I134: 31 | J134: 31 | K134: 31 | L134: 13 | M134: 31 | N134: 31 | O134: Dark | P134: 59 | Q134: Method H1
A135: 166A41CA | B135: 91a8 | C135: 35770 | D135: MONO/HELP | E135: None | F135: 3 | G135: Impish | H135: 0 | I135: 31 | J135: 31 | K135: 31 | L135: 1 | M135: 31 | N135: 31 | O135: Dark | P135: 59 | Q135: Method H1
A136: F96661AC | B136: 91a8 | C136: 35748 | D136: MONO/HELP | E136: None | F136: 5 | G136: Impish | H136: 0 | I136: 31 | J136: 31 | K136: 31 | L136: 1 | M136: 31 | N136: 31 | O136: Dark | P136: 59 | Q136: Method H1
A137: A995C661 | B137: 765d | C137: 26132 | D137: MONO/LR | E137: Yes | F137: 0 | G137: Impish | H137: 0 | I137: 31 | J137: 31 | K137: 31 | L137: 25 | M137: 31 | N137: 31 | O137: Dark | P137: 59 | Q137: Method H1
A138: DFB9B3C0 | B138: d038 | C138: 42632 | D138: MONO/LR | E138: None | F138: 2 | G138: Modest | H138: 0 | I138: 31 | J138: 4 | K138: 31 | L138: 31 | M138: 31 | N138: 31 | O138: Dragon | P138: 68 | Q138: Method H1
A139: 612F3A0A | B139: d038 | C139: 42602 | D139: MONO/LR | E139: None | F139: 1 | G139: Modest | H139: 0 | I139: 31 | J139: 4 | K139: 31 | L139: 31 | M139: 31 | N139: 31 | O139: Dragon | P139: 68 | Q139: Method H1
A140: F1F127E3 | B140: 710c | C140: 58245 | D140: STEREO/HELP | E140: Yes | F140: 0 | G140: Modest | H140: 1 | I140: 31 | J140: 12 | K140: 31 | L140: 31 | M140: 31 | N140: 31 | O140: Dragon | P140: 68 | Q140: Method H1
A141: 327C6841 | B141: 84d0 | C141: 51279 | D141: MONO/HELP | E141: None | F141: 3 | G141: Timid | H141: 1 | I141: 31 | J141: 12 | K141: 31 | L141: 31 | M141: 31 | N141: 31 | O141: Dragon | P141: 68 | Q141: Method H1
A142: D7E285B3 | B142: 7962 | C142: 52743 | D142: MONO/L=A | E142: Yes | F142: 6 | G142: Hasty | H142: 0 | I142: 30 | J142: 31 | K142: 30 | L142: 30 | M142: 30 | N142: 30 | O142: Fighting | P142: 70 | Q142: Method H1
A143: 72F26F85 | B143: 7962 | C143: 52729 | D143: MONO/L=A | E143: Yes | F143: 2 | G143: Hasty | H143: 0 | I143: 30 | J143: 31 | K143: 30 | L143: 30 | M143: 30 | N143: 30 | O143: Fighting | P143: 70 | Q143: Method H1
A144: 8EC97277 | B144: 7b1c | C144: 49401 | D144: STEREO/L=A | E144: None | F144: 8 | G144: Hasty | H144: 0 | I144: 30 | J144: 31 | K144: 31 | L144: 31 | M144: 30 | N144: 31 | O144: Steel | P144: 70 | Q144: Method H1
... A157: B375BE25 | B157: 9a22 | C157: 2393 | D157: MONO/HELP | E157: Yes | F157: 2 | G157: Docile | H157: 1 | I157: 31 | J157: 31 | K157: 31 | L157: 31 | M157: 31 | N157: 31 | O157: Dark | P157: 70 | Q157: Method H1
A158: D7E285B3 | B158: 7962 | C158: 52743 | D158: MONO/L=A | E158: Yes | F158: 6 | G158: Hasty | H158: 0 | I158: 30 | J158: 31 | K158: 30 | L158: 30 | M158: 30 | N158: 30 | O158: Fighting | P158: 70 | Q158: Method H1 | R158: Hidden Power Spreads
A159: 72F26F85 | B159: 7962 | C159: 52729 | D159: MONO/L=A | E159: Yes | F159: 2 | G159: Hasty | H159: 0 | I159: 30 | J159: 31 | K159: 30 | L159: 30 | M159: 30 | N159: 30 | O159: Fighting | P159: 70 | Q159: Method H1
A160: 000AFEB9 | B160: 9d3d | C160: 53036 | D160: MONO/LR | E160: Yes | F160: 0 | G160: Careful | H160: 0 | I160: 31 | J160: 30 | K160: 31 | L160: 14 | M160: 30 | N160: 30 | O160: Flying | P160: 70 | Q160: Method H1
A161: 078DA80B | B161: 931c | C161: 317 | D161: MONO/HELP | E161: None | F161: 2 | G161: Jolly | H161: 0 | I161: 30 | J161: 31 | K161: 31 | L161: 18 | M161: 30 | N161: 30 | O161: Flying | P161: 70 | Q161: Method H1
A162: 71DD8AF8 | B162: 5aa6 | C162: 10874 | D162: MONO/L=A | E162: None | F162: 2 | G162: Adamant | H162: 0 | I162: 30 | J162: 30 | K162: 31 | L162: 26 | M162: 30 | N162: 31 | O162: Poison | P162: 70 | Q162: Method H1
A163: 437212C8 | B163: f6d4 | C163: 9684 | D163: STEREO/LR | E163: None | F163: 5 | G163: Adamant | H163: 0 | I163: 30 | J163: 30 | K163: 30 | L163: 23 | M163: 30 | N163: 30 | O163: Ground | P163: 70 | Q163: Method H1
A164: 9B21D156 | B164: f6d4 | C164: 9658 | D164: STEREO/LR | E164: None | F164: 7 | G164: Adamant | H164: 0 | I164: 30 | J164: 30 | K164: 30 | L164: 23 | M164: 30 | N164: 30 | O164: Ground | P164: 70 | Q164: Method H1
A165: 7A7E87EA | B165: f6d4 | C165: 9614 | D165: STEREO/LR | E165: None | F165: 1 | G165: Adamant | H165: 0 | I165: 30 | J165: 30 | K165: 30 | L165: 23 | M165: 30 | N165: 30 | O165: Ground | P165: 70 | Q165: Method H1
A166: DEB7D2D6 | B166: fc12 | C166: 7108 | D166: MONO/HELP | E166: Yes | F166: 3 | G166: Jolly | H166: 0 | I166: 31 | J166: 30 | K166: 31 | L166: 2 | M166: 30 | N166: 31 | O166: Ground | P166: 70 | Q166: Method H1
A167: C676DD27 | B167: 4706 | C167: 55879 | D167: MONO/L=A | E167: None | F167: 6 | G167: Adamant | H167: 0 | I167: 30 | J167: 30 | K167: 31 | L167: 27 | M167: 30 | N167: 30 | O167: Rock | P167: 70 | Q167: Method H1
A168: 284F7E3F | B168: 4706 | C168: 55871 | D168: MONO/L=A | E168: None | F168: 3 | G168: Adamant | H168: 0 | I168: 30 | J168: 30 | K168: 31 | L168: 27 | M168: 30 | N168: 30 | O168: Rock | P168: 70 | Q168: Method H1
A169: 7C4BE161 | B169: 4706 | C169: 55777 | D169: MONO/L=A | E169: None | F169: 1 | G169: Adamant | H169: 0 | I169: 30 | J169: 30 | K169: 31 | L169: 27 | M169: 30 | N169: 30 | O169: Rock | P169: 70 | Q169: Method H1
A170: C72ADD39 | B170: 4706 | C170: 55769 | D170: MONO/L=A | E170: None | F170: 7 | G170: Adamant | H170: 0 | I170: 30 | J170: 30 | K170: 31 | L170: 27 | M170: 30 | N170: 30 | O170: Rock | P170: 70 | Q170: Method H1
... A245: 3B3EB950 | B245: ce16 | C245: 8418 | D245: STEREO/L=A | E245: None | F245: 4 | G245: Calm | H245: 0 | I245: 31 | J245: 15 | K245: 30 | L245: 31 | M245: 31 | N245: 31 | O245: Dragon | P245: 70 | Q245: Method H1
A246: 784E6B87 | B246: 4829 | C246: 14622 | D246: STEREO/L=A | E246: None | F246: 2 | G246: Brave | H246: 0 | I246: 31 | J246: 31 | K246: 31 | L246: 6 | M246: 31 | N246: 31 | O246: Electric | P246: 70 | Q246: Method H1 | R246: Minus Speed Nature Spreads
A247: 26A1209F | B247: 4829 | C247: 14614 | D247: STEREO/L=A | E247: None | F247: 0 | G247: Brave | H247: 0 | I247: 31 | J247: 31 | K247: 31 | L247: 6 | M247: 31 | N247: 31 | O247: Electric | P247: 70 | Q247: Method H1
A248: ED6C5529 | B248: 4829 | C248: 14592 | D248: STEREO/L=A | E248: None | F248: 5 | G248: Brave | H248: 0 | I248: 31 | J248: 31 | K248: 31 | L248: 6 | M248: 31 | N248: 31 | O248: Electric | P248: 70 | Q248: Method H1
A249: FBAF20E6 | B249: 1b09 | C249: 6775 | D249: MONO/LR | E249: Yes | F249: 2 | G249: Brave | H249: 1 | I249: 31 | J249: 31 | K249: 31 | L249: 23 | M249: 31 | N249: 0 | O249: Ice | P249: 64 | Q249: Method H1
A250: DA15068D | B250: 8387 | C250: 34582 | D250: STEREO/L=A | E250: Yes | F250: 1 | G250: Quiet | H250: 1 | I250: 31 | J250: 11 | K250: 31 | L250: 31 | M250: 31 | N250: 31 | O250: Dark | P250: 70 | Q250: Method H1
A251: D69A3DB7 | B251: 8387 | C251: 34544 | D251: STEREO/L=A | E251: Yes | F251: 0 | G251: Quiet | H251: 1 | I251: 31 | J251: 11 | K251: 31 | L251: 31 | M251: 31 | N251: 31 | O251: Dark | P251: 70 | Q251: Method H1
A252: 060F098F | B252: 8387 | C252: 34472 | D252: STEREO/L=A | E252: Yes | F252: 9 | G252: Quiet | H252: 1 | I252: 31 | J252: 11 | K252: 31 | L252: 31 | M252: 31 | N252: 31 | O252: Dark | P252: 70 | Q252: Method H1
A253: B29162E9 | B253: 8387 | C253: 34466 | D253: STEREO/L=A | E253: Yes | F253: 0 | G253: Quiet | H253: 1 | I253: 31 | J253: 11 | K253: 31 | L253: 31 | M253: 31 | N253: 31 | O253: Dark | P253: 70 | Q253: Method H1
A254: A7B88D1F | B254: 8387 | C254: 34424 | D254: STEREO/L=A | E254: Yes | F254: 5 | G254: Quiet | H254: 1 | I254: 31 | J254: 11 | K254: 31 | L254: 31 | M254: 31 | N254: 31 | O254: Dark | P254: 70 | Q254: Method H1
A255: D97E86F9 | B255: 8387 | C255: 34418 | D255: STEREO/L=A | E255: Yes | F255: 0 | G255: Quiet | H255: 1 | I255: 31 | J255: 11 | K255: 31 | L255: 31 | M255: 31 | N255: 31 | O255: Dark | P255: 70 | Q255: Method H1
A256: FDBCA817 | B256: 8ea3 | C256: 41444 | D256: MONO/HELP | E256: None | F256: 0 | G256: Relaxed | H256: 1 | I256: 31 | J256: 31 | K256: 31 | L256: 28 | M256: 31 | N256: 0 | O256: Water | P256: 54 | Q256: Method H1
A257: 542E2989 | B257: 8ea3 | C257: 41430 | D257: MONO/HELP | E257: None | F257: 0 | G257: Relaxed | H257: 1 | I257: 31 | J257: 31 | K257: 31 | L257: 28 | M257: 31 | N257: 0 | O257: Water | P257: 54 | Q257: Method H1
A258: C856A347 | B258: 8ea3 | C258: 41428 | D258: MONO/HELP | E258: None | F258: 3 | G258: Relaxed | H258: 1 | I258: 31 | J258: 31 | K258: 31 | L258: 28 | M258: 31 | N258: 0 | O258: Water | P258: 54 | Q258: Method H1
... A270: D5472A89 | B270: 1d31 | C270: 23928 | D270: STEREO/HELP | E270: None | F270: 1 | G270: Sassy | H270: 0 | I270: 31 | J270: 30 | K270: 31 | L270: 31 | M270: 31 | N270: 31 | O270: Dragon | P270: 70 | Q270: Method H1
